step,epoch,lr-Adam,train_loss_step,val_loss,train_loss_epoch,test_loss
0,,0.001,,,,
49,,0.001,,,,
49,0,,0.4546692371368408,,,
63,0,,,0.21035386621952057,,
63,0,,,,0.44093015789985657,
64,,0.001,,,,
99,,0.001,,,,
99,1,,0.42061635851860046,,,
127,1,,,0.17155514657497406,,
127,1,,,,0.4064549207687378,
128,,0.001,,,,
149,,0.001,,,,
149,2,,0.36232173442840576,,,
191,2,,,0.14749322831630707,,
191,2,,,,0.3758170008659363,
192,,0.001,,,,
199,,0.001,,,,
199,3,,0.3716505765914917,,,
249,,0.001,,,,
249,3,,0.38278448581695557,,,
255,3,,,0.1346060186624527,,
255,3,,,,0.35651347041130066,
256,,0.001,,,,
299,,0.001,,,,
299,4,,0.33462464809417725,,,
319,4,,,0.12099970132112503,,
319,4,,,,0.3416229486465454,
320,,0.001,,,,
349,,0.001,,,,
349,5,,0.30533453822135925,,,
383,5,,,0.11047132313251495,,
383,5,,,,0.32828569412231445,
384,,0.001,,,,
399,,0.001,,,,
399,6,,0.28333911299705505,,,
447,6,,,0.10367744415998459,,
447,6,,,,0.31899556517601013,
448,,0.001,,,,
449,,0.001,,,,
449,7,,0.292082816362381,,,
499,,0.001,,,,
499,7,,0.3596497178077698,,,
511,7,,,0.10215442627668381,,
511,7,,,,0.3120597004890442,
512,,0.001,,,,
549,,0.001,,,,
549,8,,0.35956788063049316,,,
575,8,,,0.09581594914197922,,
575,8,,,,0.3049812614917755,
576,,0.001,,,,
599,,0.001,,,,
599,9,,0.29094192385673523,,,
639,9,,,0.09106522053480148,,
639,9,,,,0.30290108919143677,
640,,0.001,,,,
649,,0.001,,,,
649,10,,0.2841883897781372,,,
699,,0.001,,,,
699,10,,0.3039887845516205,,,
703,10,,,0.08962633460760117,,
703,10,,,,0.2990216910839081,
704,,0.001,,,,
749,,0.001,,,,
749,11,,0.27781957387924194,,,
767,11,,,0.08276237547397614,,
767,11,,,,0.2948651909828186,
768,,0.001,,,,
799,,0.001,,,,
799,12,,0.2931593656539917,,,
831,12,,,0.08182818442583084,,
831,12,,,,0.2922842800617218,
832,,0.001,,,,
849,,0.001,,,,
849,13,,0.36471250653266907,,,
895,13,,,0.08658207952976227,,
895,13,,,,0.2944181263446808,
896,,0.001,,,,
899,,0.001,,,,
899,14,,0.3720781207084656,,,
949,,0.001,,,,
949,14,,0.3156892657279968,,,
959,14,,,0.0807192474603653,,
959,14,,,,0.290935754776001,
960,,0.001,,,,
999,,0.001,,,,
999,15,,0.3324624300003052,,,
1023,15,,,0.08064278960227966,,
1023,15,,,,0.2884170413017273,
1024,,0.001,,,,
1049,,0.001,,,,
1049,16,,0.26595446467399597,,,
1087,16,,,0.07743445783853531,,
1087,16,,,,0.2889958918094635,
1088,,0.001,,,,
1099,,0.001,,,,
1099,17,,0.285546213388443,,,
1149,,0.001,,,,
1149,17,,0.29144027829170227,,,
1151,17,,,0.08373632282018661,,
1151,17,,,,0.28891521692276,
1152,,0.001,,,,
1199,,0.001,,,,
1199,18,,0.32106813788414,,,
1215,18,,,0.07651356607675552,,
1215,18,,,,0.2891116738319397,
1216,,0.001,,,,
1249,,0.001,,,,
1249,19,,0.2990364730358124,,,
1279,19,,,0.0757061243057251,,
1279,19,,,,0.28743356466293335,
1280,,0.001,,,,
1299,,0.001,,,,
1299,20,,0.1878075897693634,,,
1343,20,,,0.08083483576774597,,
1343,20,,,,0.28459814190864563,
1344,,0.001,,,,
1349,,0.001,,,,
1349,21,,0.2823503017425537,,,
1399,,0.001,,,,
1399,21,,0.3578612506389618,,,
1407,21,,,0.07622595131397247,,
1407,21,,,,0.2867763638496399,
1408,,0.001,,,,
1449,,0.001,,,,
1449,22,,0.25788548588752747,,,
1471,22,,,0.07543689012527466,,
1471,22,,,,0.28366023302078247,
1472,,0.001,,,,
1499,,0.001,,,,
1499,23,,0.2817991375923157,,,
1535,23,,,0.07497378438711166,,
1535,23,,,,0.2833304703235626,
1536,,0.001,,,,
1549,,0.001,,,,
1549,24,,0.26927614212036133,,,
1599,,0.001,,,,
1599,24,,0.23659288883209229,,,
1599,24,,,0.07383333146572113,,
1599,24,,,,0.2808038294315338,
1600,,0.001,,,,
1649,,0.001,,,,
1649,25,,0.31831178069114685,,,
1663,25,,,0.07636059075593948,,
1663,25,,,,0.2805645763874054,
1664,,0.001,,,,
1699,,0.001,,,,
1699,26,,0.23460103571414948,,,
1727,26,,,0.07236271351575851,,
1727,26,,,,0.2811434864997864,
1728,,0.001,,,,
1749,,0.001,,,,
1749,27,,0.30348026752471924,,,
1791,27,,,0.07020988315343857,,
1791,27,,,,0.27753543853759766,
1792,,0.001,,,,
1799,,0.001,,,,
1799,28,,0.27637553215026855,,,
1849,,0.001,,,,
1849,28,,0.314043253660202,,,
1855,28,,,0.06893161684274673,,
1855,28,,,,0.2779492437839508,
1856,,0.001,,,,
1899,,0.001,,,,
1899,29,,0.35527774691581726,,,
1919,29,,,0.06762123852968216,,
1919,29,,,,0.27685338258743286,
1920,,0.001,,,,
1949,,0.001,,,,
1949,30,,0.323446661233902,,,
1983,30,,,0.06687707453966141,,
1983,30,,,,0.27600178122520447,
1984,,0.001,,,,
1999,,0.001,,,,
1999,31,,0.2947109341621399,,,
2047,31,,,0.06795847415924072,,
2047,31,,,,0.2758817672729492,
2048,,0.001,,,,
2049,,0.001,,,,
2049,32,,0.2255299985408783,,,
2099,,0.001,,,,
2099,32,,0.29361802339553833,,,
2111,32,,,0.06523071229457855,,
2111,32,,,,0.27325329184532166,
2112,,0.001,,,,
2149,,0.001,,,,
2149,33,,0.30749261379241943,,,
2175,33,,,0.06585913896560669,,
2175,33,,,,0.27315473556518555,
2176,,0.001,,,,
2199,,0.001,,,,
2199,34,,0.2873629331588745,,,
2239,34,,,0.06344100087881088,,
2239,34,,,,0.2697191536426544,
2240,,0.001,,,,
2249,,0.001,,,,
2249,35,,0.34038037061691284,,,
2299,,0.001,,,,
2299,35,,0.20961618423461914,,,
2303,35,,,0.0638326033949852,,
2303,35,,,,0.2705037593841553,
2304,,0.001,,,,
2349,,0.001,,,,
2349,36,,0.20605354011058807,,,
2367,36,,,0.0623759888112545,,
2367,36,,,,0.26943325996398926,
2368,,0.001,,,,
2399,,0.001,,,,
2399,37,,0.28893375396728516,,,
2431,37,,,0.06250832229852676,,
2431,37,,,,0.2687082886695862,
2432,,0.001,,,,
2449,,0.001,,,,
2449,38,,0.2627701163291931,,,
2495,38,,,0.0654604434967041,,
2495,38,,,,0.2644190192222595,
2496,,0.001,,,,
2499,,0.001,,,,
2499,39,,0.2137264609336853,,,
2549,,0.001,,,,
2549,39,,0.17758241295814514,,,
2559,39,,,0.06386241316795349,,
2559,39,,,,0.2664022445678711,
2560,,0.001,,,,
2599,,0.001,,,,
2599,40,,0.2864454984664917,,,
2623,40,,,0.0607975609600544,,
2623,40,,,,0.266658753156662,
2624,,0.001,,,,
2649,,0.001,,,,
2649,41,,0.2555136978626251,,,
2687,41,,,0.05937313660979271,,
2687,41,,,,0.26444950699806213,
2688,,0.001,,,,
2699,,0.001,,,,
2699,42,,0.23770703375339508,,,
2749,,0.001,,,,
2749,42,,0.31411492824554443,,,
2751,42,,,0.05863410606980324,,
2751,42,,,,0.26362016797065735,
2752,,0.001,,,,
2799,,0.001,,,,
2799,43,,0.3498823046684265,,,
2815,43,,,0.05693543329834938,,
2815,43,,,,0.26291197538375854,
2816,,0.001,,,,
2849,,0.001,,,,
2849,44,,0.13774006068706512,,,
2879,44,,,0.05596425384283066,,
2879,44,,,,0.2602418065071106,
2880,,0.001,,,,
2899,,0.001,,,,
2899,45,,0.22595807909965515,,,
2943,45,,,0.06348106265068054,,
2943,45,,,,0.262319415807724,
2944,,0.001,,,,
2949,,0.001,,,,
2949,46,,0.2716623544692993,,,
2999,,0.001,,,,
2999,46,,0.2606246769428253,,,
3007,46,,,0.056069884449243546,,
3007,46,,,,0.2603008449077606,
3008,,0.001,,,,
3049,,0.001,,,,
3049,47,,0.3698427677154541,,,
3071,47,,,0.05779358372092247,,
3071,47,,,,0.2575393617153168,
3072,,0.001,,,,
3099,,0.001,,,,
3099,48,,0.23143631219863892,,,
3135,48,,,0.0566825196146965,,
3135,48,,,,0.25816813111305237,
3136,,0.001,,,,
3149,,0.001,,,,
3149,49,,0.2960907816886902,,,
3199,,0.001,,,,
3199,49,,0.2759366035461426,,,
3199,49,,,0.0540139377117157,,
3199,49,,,,0.2563905715942383,
3200,,0.001,,,,
3249,,0.001,,,,
3249,50,,0.2100386619567871,,,
3263,50,,,0.057146765291690826,,
3263,50,,,,0.25614580512046814,
3264,,0.001,,,,
3299,,0.001,,,,
3299,51,,0.3229951560497284,,,
3327,51,,,0.05486975610256195,,
3327,51,,,,0.2555283308029175,
3328,,0.001,,,,
3349,,0.001,,,,
3349,52,,0.27380621433258057,,,
3391,52,,,0.05672040209174156,,
3391,52,,,,0.25773346424102783,
3392,,0.001,,,,
3399,,0.001,,,,
3399,53,,0.3013850450515747,,,
3449,,0.001,,,,
3449,53,,0.18681329488754272,,,
3455,53,,,0.05385858938097954,,
3455,53,,,,0.2563626766204834,
3456,,0.001,,,,
3499,,0.001,,,,
3499,54,,0.3086082339286804,,,
3519,54,,,0.05394872650504112,,
3519,54,,,,0.25429391860961914,
3520,,0.001,,,,
3549,,0.001,,,,
3549,55,,0.21003979444503784,,,
3583,55,,,0.05348482355475426,,
3583,55,,,,0.25239992141723633,
3584,,0.001,,,,
3599,,0.001,,,,
3599,56,,0.23190653324127197,,,
3647,56,,,0.05321187898516655,,
3647,56,,,,0.2572031617164612,
3648,,0.001,,,,
3649,,0.001,,,,
3649,57,,0.2178095281124115,,,
3699,,0.001,,,,
3699,57,,0.3807085156440735,,,
3711,57,,,0.05540401116013527,,
3711,57,,,,0.2530289888381958,
3712,,0.001,,,,
3749,,0.001,,,,
3749,58,,0.2847437858581543,,,
3775,58,,,0.0522635281085968,,
3775,58,,,,0.25342264771461487,
3776,,0.001,,,,
3799,,0.001,,,,
3799,59,,0.24726690351963043,,,
3839,59,,,0.05297050252556801,,
3839,59,,,,0.2541114091873169,
3840,,0.001,,,,
3849,,0.001,,,,
3849,60,,0.3043121099472046,,,
3899,,0.001,,,,
3899,60,,0.2628183960914612,,,
3903,60,,,0.05353325605392456,,
3903,60,,,,0.2520532011985779,
3904,,0.001,,,,
3949,,0.001,,,,
3949,61,,0.2678278386592865,,,
3967,61,,,0.05244600400328636,,
3967,61,,,,0.25160354375839233,
3968,,0.001,,,,
3999,,0.001,,,,
3999,62,,0.27899062633514404,,,
4031,62,,,0.0528593584895134,,
4031,62,,,,0.2541826665401459,
4032,,0.001,,,,
4049,,0.001,,,,
4049,63,,0.21108131110668182,,,
4095,63,,,0.057782016694545746,,
4095,63,,,,0.25319987535476685,
4096,,0.001,,,,
4099,,0.001,,,,
4099,64,,0.19064463675022125,,,
4149,,0.001,,,,
4149,64,,0.28519660234451294,,,
4159,64,,,0.05613682419061661,,
4159,64,,,,0.2541443109512329,
4160,,0.001,,,,
4199,,0.001,,,,
4199,65,,0.330478310585022,,,
4223,65,,,0.052524518221616745,,
4223,65,,,,0.25230711698532104,
4224,,0.001,,,,
4249,,0.001,,,,
4249,66,,0.26592156291007996,,,
4287,66,,,0.053717680275440216,,
4287,66,,,,0.24952872097492218,
4288,,0.001,,,,
4299,,0.001,,,,
4299,67,,0.3179427981376648,,,
4349,,0.001,,,,
4349,67,,0.22057576477527618,,,
4351,67,,,0.05177272483706474,,
4351,67,,,,0.2538464069366455,
4352,,0.001,,,,
4399,,0.001,,,,
4399,68,,0.3463631868362427,,,
4415,68,,,0.05424491688609123,,
4415,68,,,,0.2514495551586151,
4416,,0.001,,,,
4449,,0.001,,,,
4449,69,,0.2606476843357086,,,
4479,69,,,0.05232641100883484,,
4479,69,,,,0.25221356749534607,
4480,,0.001,,,,
4499,,0.001,,,,
4499,70,,0.21294660866260529,,,
4543,70,,,0.052018988877534866,,
4543,70,,,,0.2502158582210541,
4544,,0.001,,,,
4549,,0.001,,,,
4549,71,,0.21063604950904846,,,
4599,,0.001,,,,
4599,71,,0.20064716041088104,,,
4607,71,,,0.051628366112709045,,
4607,71,,,,0.25196367502212524,
4608,,0.001,,,,
4649,,0.001,,,,
4649,72,,0.30248206853866577,,,
4671,72,,,0.0510982945561409,,
4671,72,,,,0.25401270389556885,
4672,,0.001,,,,
4699,,0.001,,,,
4699,73,,0.18942195177078247,,,
4735,73,,,0.052733153104782104,,
4735,73,,,,0.2487674355506897,
4736,,0.001,,,,
4749,,0.001,,,,
4749,74,,0.22625087201595306,,,
4799,,0.001,,,,
4799,74,,0.23660121858119965,,,
4799,74,,,0.05036722123622894,,
4799,74,,,,0.2512020170688629,
4800,,0.001,,,,
4849,,0.001,,,,
4849,75,,0.22754397988319397,,,
4863,75,,,0.050218965858221054,,
4863,75,,,,0.25069019198417664,
4864,,0.001,,,,
4899,,0.001,,,,
4899,76,,0.2576958239078522,,,
4927,76,,,0.05241578072309494,,
4927,76,,,,0.24867714941501617,
4928,,0.001,,,,
4949,,0.001,,,,
4949,77,,0.18524038791656494,,,
4991,77,,,0.055270470678806305,,
4991,77,,,,0.2516041398048401,
4992,,0.001,,,,
4999,,0.001,,,,
4999,78,,0.2508111596107483,,,
5049,,0.001,,,,
5049,78,,0.23324672877788544,,,
5055,78,,,0.05149964615702629,,
5055,78,,,,0.25395116209983826,
5056,,0.001,,,,
5099,,0.001,,,,
5099,79,,0.2740899920463562,,,
5119,79,,,0.05329151824116707,,
5119,79,,,,0.248178631067276,
5120,,0.001,,,,
5149,,0.001,,,,
5149,80,,0.2988024055957794,,,
5183,80,,,0.05184280499815941,,
5183,80,,,,0.2512095868587494,
5184,,0.001,,,,
5199,,0.001,,,,
5199,81,,0.21951520442962646,,,
5247,81,,,0.05222207307815552,,
5247,81,,,,0.2488720864057541,
5248,,0.001,,,,
5249,,0.001,,,,
5249,82,,0.24947574734687805,,,
5299,,0.001,,,,
5299,82,,0.28536665439605713,,,
5311,82,,,0.04942627251148224,,
5311,82,,,,0.24943585693836212,
5312,,0.001,,,,
5349,,0.001,,,,
5349,83,,0.2361321896314621,,,
5375,83,,,0.055383238941431046,,
5375,83,,,,0.24637138843536377,
5376,,0.001,,,,
5399,,0.001,,,,
5399,84,,0.26781800389289856,,,
5439,84,,,0.050861459225416183,,
5439,84,,,,0.24917836487293243,
5440,,0.001,,,,
5449,,0.001,,,,
5449,85,,0.2549985647201538,,,
5499,,0.001,,,,
5499,85,,0.318627268075943,,,
5503,85,,,0.05121622234582901,,
5503,85,,,,0.2480820119380951,
5504,,0.001,,,,
5549,,0.001,,,,
5549,86,,0.18359944224357605,,,
5567,86,,,0.05369989573955536,,
5567,86,,,,0.2487269937992096,
5568,,0.001,,,,
5599,,0.001,,,,
5599,87,,0.2745521664619446,,,
5631,87,,,0.05124064162373543,,
5631,87,,,,0.24884633719921112,
5632,,0.001,,,,
5649,,0.001,,,,
5649,88,,0.17487365007400513,,,
5695,88,,,0.04961901530623436,,
5695,88,,,,0.25186261534690857,
5696,,0.001,,,,
5699,,0.001,,,,
5699,89,,0.22864404320716858,,,
5749,,0.001,,,,
5749,89,,0.21028263866901398,,,
5759,89,,,0.0532539077103138,,
5759,89,,,,0.24914492666721344,
5760,,0.001,,,,
5799,,0.001,,,,
5799,90,,0.3497718572616577,,,
5823,90,,,0.05436936020851135,,
5823,90,,,,0.24681371450424194,
5824,,0.001,,,,
5849,,0.001,,,,
5849,91,,0.27840834856033325,,,
5887,91,,,0.05027608200907707,,
5887,91,,,,0.2491920292377472,
5888,,0.001,,,,
5899,,0.001,,,,
5899,92,,0.3226243257522583,,,
5949,,0.001,,,,
5949,92,,0.2713117003440857,,,
5951,92,,,0.05098447576165199,,
5951,92,,,,0.24672718346118927,
5952,,0.001,,,,
5999,,0.001,,,,
5999,93,,0.3242707848548889,,,
6015,93,,,0.054426249116659164,,
6015,93,,,,0.2491149753332138,
6016,,0.001,,,,
6049,,0.001,,,,
6049,94,,0.27499738335609436,,,
6079,94,,,0.049273423850536346,,
6079,94,,,,0.24840307235717773,
6080,,0.001,,,,
6099,,0.001,,,,
6099,95,,0.13966329395771027,,,
6143,95,,,0.049760568886995316,,
6143,95,,,,0.24836409091949463,
6144,,0.001,,,,
6149,,0.001,,,,
6149,96,,0.15848368406295776,,,
6199,,0.001,,,,
6199,96,,0.23929190635681152,,,
6207,96,,,0.04966535419225693,,
6207,96,,,,0.24790889024734497,
6208,,0.001,,,,
6249,,0.001,,,,
6249,97,,0.3419640362262726,,,
6271,97,,,0.05269695818424225,,
6271,97,,,,0.24716150760650635,
6272,,0.001,,,,
6299,,0.001,,,,
6299,98,,0.2094944417476654,,,
6335,98,,,0.05127882584929466,,
6335,98,,,,0.24838536977767944,
6336,,0.001,,,,
6349,,0.001,,,,
6349,99,,0.22435763478279114,,,
6399,,0.001,,,,
6399,99,,0.15310980379581451,,,
6399,99,,,0.0508146695792675,,
6399,99,,,,0.24808566272258759,
6400,,0.001,,,,
6449,,0.001,,,,
6449,100,,0.2845536470413208,,,
6463,100,,,0.048984117805957794,,
6463,100,,,,0.24726678431034088,
6464,,0.001,,,,
6499,,0.001,,,,
6499,101,,0.3196372985839844,,,
6527,101,,,0.04898814484477043,,
6527,101,,,,0.24576908349990845,
6528,,0.001,,,,
6549,,0.001,,,,
6549,102,,0.2566611170768738,,,
6591,102,,,0.048757851123809814,,
6591,102,,,,0.24731016159057617,
6592,,0.001,,,,
6599,,0.001,,,,
6599,103,,0.1599511206150055,,,
6649,,0.001,,,,
6649,103,,0.25551745295524597,,,
6655,103,,,0.04823928326368332,,
6655,103,,,,0.24489709734916687,
6656,,0.001,,,,
6699,,0.001,,,,
6699,104,,0.2679011821746826,,,
6719,104,,,0.04872855544090271,,
6719,104,,,,0.24855217337608337,
6720,,0.001,,,,
6749,,0.001,,,,
6749,105,,0.2743341326713562,,,
6783,105,,,0.04840715974569321,,
6783,105,,,,0.24580173194408417,
6784,,0.001,,,,
6799,,0.001,,,,
6799,106,,0.18967510759830475,,,
6847,106,,,0.04810362681746483,,
6847,106,,,,0.24383342266082764,
6848,,0.001,,,,
6849,,0.001,,,,
6849,107,,0.22597871720790863,,,
6899,,0.001,,,,
6899,107,,0.328797310590744,,,
6911,107,,,0.04875965416431427,,
6911,107,,,,0.24701158702373505,
6912,,0.001,,,,
6949,,0.001,,,,
6949,108,,0.19109219312667847,,,
6975,108,,,0.047708768397569656,,
6975,108,,,,0.2451905757188797,
6976,,0.001,,,,
6999,,0.001,,,,
6999,109,,0.2867164611816406,,,
7039,109,,,0.04787582531571388,,
7039,109,,,,0.24677829444408417,
7040,,0.001,,,,
7049,,0.001,,,,
7049,110,,0.2167619913816452,,,
7099,,0.001,,,,
7099,110,,0.2602831721305847,,,
7103,110,,,0.05113435536623001,,
7103,110,,,,0.24608111381530762,
7104,,0.001,,,,
7149,,0.001,,,,
7149,111,,0.18666662275791168,,,
7167,111,,,0.04798738285899162,,
7167,111,,,,0.24471749365329742,
7168,,0.001,,,,
7199,,0.001,,,,
7199,112,,0.28545185923576355,,,
7231,112,,,0.05434637516736984,,
7231,112,,,,0.24440997838974,
7232,,0.001,,,,
7249,,0.001,,,,
7249,113,,0.1469070315361023,,,
7295,113,,,0.05448891222476959,,
7295,113,,,,0.247757688164711,
7296,,0.001,,,,
7299,,0.001,,,,
7299,114,,0.2947445511817932,,,
7349,,0.001,,,,
7349,114,,0.2809601426124573,,,
7359,114,,,0.048548851162195206,,
7359,114,,,,0.24822433292865753,
7360,,0.001,,,,
7399,,0.001,,,,
7399,115,,0.224758118391037,,,
7423,115,,,0.049745310097932816,,
7423,115,,,,0.24578848481178284,
7424,,0.001,,,,
7449,,0.001,,,,
7449,116,,0.30524197220802307,,,
7487,116,,,0.04863595589995384,,
7487,116,,,,0.24545863270759583,
7488,,0.001,,,,
7499,,0.001,,,,
7499,117,,0.2805224657058716,,,
7549,,0.001,,,,
7549,117,,0.13137564063072205,,,
7551,117,,,0.04737730324268341,,
7551,117,,,,0.2435174286365509,
7552,,0.001,,,,
7599,,0.001,,,,
7599,118,,0.25348466634750366,,,
7615,118,,,0.048337869346141815,,
7615,118,,,,0.2455173283815384,
7616,,0.001,,,,
7649,,0.001,,,,
7649,119,,0.24350020289421082,,,
7679,119,,,0.05776696652173996,,
7679,119,,,,0.24587689340114594,
7680,,0.001,,,,
7699,,0.001,,,,
7699,120,,0.20419859886169434,,,
7743,120,,,0.04747710004448891,,
7743,120,,,,0.24650578200817108,
7744,,0.001,,,,
7749,,0.001,,,,
7749,121,,0.12650832533836365,,,
7799,,0.001,,,,
7799,121,,0.14980670809745789,,,
7807,121,,,0.04806126654148102,,
7807,121,,,,0.24595685303211212,
7808,,0.001,,,,
7849,,0.001,,,,
7849,122,,0.2374131828546524,,,
7871,122,,,0.049062374979257584,,
7871,122,,,,0.24509361386299133,
7872,,0.001,,,,
7899,,0.001,,,,
7899,123,,0.267598420381546,,,
7935,123,,,0.04838547855615616,,
7935,123,,,,0.24425002932548523,
7936,,0.001,,,,
7949,,0.001,,,,
7949,124,,0.293908029794693,,,
7999,,0.001,,,,
7999,124,,0.13350501656532288,,,
7999,124,,,0.04971980303525925,,
7999,124,,,,0.2420128434896469,
8000,,0.001,,,,
8049,,0.001,,,,
8049,125,,0.2729799449443817,,,
8063,125,,,0.049273960292339325,,
8063,125,,,,0.2449185699224472,
8064,,0.001,,,,
8099,,0.001,,,,
8099,126,,0.3471952974796295,,,
8127,126,,,0.04730324074625969,,
8127,126,,,,0.24387580156326294,
8128,,0.001,,,,
8149,,0.001,,,,
8149,127,,0.26493409276008606,,,
8191,127,,,0.047429949045181274,,
8191,127,,,,0.24295423924922943,
8192,,0.001,,,,
8199,,0.001,,,,
8199,128,,0.33129072189331055,,,
8249,,0.001,,,,
8249,128,,0.1660415679216385,,,
8255,128,,,0.047557100653648376,,
8255,128,,,,0.24454599618911743,
8256,,0.001,,,,
8299,,0.001,,,,
8299,129,,0.2809732258319855,,,
8319,129,,,0.048860955983400345,,
8319,129,,,,0.24354900419712067,
8320,,0.001,,,,
8349,,0.001,,,,
8349,130,,0.22760465741157532,,,
8383,130,,,0.04749586805701256,,
8383,130,,,,0.24301591515541077,
8384,,0.001,,,,
8399,,0.001,,,,
8399,131,,0.2067122906446457,,,
8447,131,,,0.04686249420046806,,
8447,131,,,,0.2453741431236267,
8448,,0.001,,,,
8449,,0.001,,,,
8449,132,,0.26631858944892883,,,
8499,,0.001,,,,
8499,132,,0.22225986421108246,,,
8511,132,,,0.048597682267427444,,
8511,132,,,,0.24416890740394592,
8512,,0.001,,,,
8549,,0.001,,,,
8549,133,,0.2865332067012787,,,
8575,133,,,0.048113204538822174,,
8575,133,,,,0.24426822364330292,
8576,,0.001,,,,
8599,,0.001,,,,
8599,134,,0.24912700057029724,,,
8639,134,,,0.048178303986787796,,
8639,134,,,,0.2431875616312027,
8640,,0.001,,,,
8649,,0.001,,,,
8649,135,,0.2469465434551239,,,
8699,,0.001,,,,
8699,135,,0.33805739879608154,,,
8703,135,,,0.0481453612446785,,
8703,135,,,,0.24606716632843018,
8704,,0.001,,,,
8749,,0.001,,,,
8749,136,,0.195238396525383,,,
8767,136,,,0.05305418744683266,,
8767,136,,,,0.24382176995277405,
8768,,0.001,,,,
8799,,0.001,,,,
8799,137,,0.25795164704322815,,,
8831,137,,,0.04720063880085945,,
8831,137,,,,0.2462720423936844,
8832,,0.001,,,,
8849,,0.001,,,,
8849,138,,0.27246204018592834,,,
8895,138,,,0.04900623857975006,,
8895,138,,,,0.2431165724992752,
8896,,0.001,,,,
8899,,0.001,,,,
8899,139,,0.22278794646263123,,,
8949,,0.001,,,,
8949,139,,0.1320408135652542,,,
8959,139,,,0.05268632248044014,,
8959,139,,,,0.24378345906734467,
8960,,0.001,,,,
8999,,0.001,,,,
8999,140,,0.3256396949291229,,,
9023,140,,,0.04715907573699951,,
9023,140,,,,0.244479700922966,
9024,,0.001,,,,
9049,,0.001,,,,
9049,141,,0.23924323916435242,,,
9087,141,,,0.04946201667189598,,
9087,141,,,,0.24326321482658386,
9088,,0.001,,,,
9099,,0.001,,,,
9099,142,,0.27425724267959595,,,
9149,,0.001,,,,
9149,142,,0.264394074678421,,,
9151,142,,,0.05026329308748245,,
9151,142,,,,0.24360056221485138,
9152,,0.001,,,,
9199,,0.001,,,,
9199,143,,0.26192131638526917,,,
9215,143,,,0.048274487257003784,,
9215,143,,,,0.24637296795845032,
9216,,0.001,,,,
9249,,0.001,,,,
9249,144,,0.2847750782966614,,,
9279,144,,,0.048044998198747635,,
9279,144,,,,0.2432461827993393,
9280,,0.001,,,,
9299,,0.001,,,,
9299,145,,0.24740248918533325,,,
9343,145,,,0.04730291664600372,,
9343,145,,,,0.24489156901836395,
9344,,0.001,,,,
9349,,0.001,,,,
9349,146,,0.19759583473205566,,,
9399,,0.001,,,,
9399,146,,0.19718532264232635,,,
9407,146,,,0.047210659831762314,,
9407,146,,,,0.24429963529109955,
9408,,0.001,,,,
9449,,0.001,,,,
9449,147,,0.21300169825553894,,,
9471,147,,,0.047124795615673065,,
9471,147,,,,0.24271847307682037,
9472,,0.001,,,,
9499,,0.001,,,,
9499,148,,0.25779661536216736,,,
9535,148,,,0.04723043739795685,,
9535,148,,,,0.24466219544410706,
9536,,0.001,,,,
9549,,0.001,,,,
9549,149,,0.3573237657546997,,,
9599,,0.001,,,,
9599,149,,0.24484778940677643,,,
9599,149,,,0.04848837852478027,,
9599,149,,,,0.24302718043327332,
9600,,0.001,,,,
9649,,0.001,,,,
9649,150,,0.2825382351875305,,,
9663,150,,,0.04673604294657707,,
9663,150,,,,0.24336570501327515,
9664,,0.001,,,,
9699,,0.001,,,,
9699,151,,0.2660030126571655,,,
9727,151,,,0.04988287761807442,,
9727,151,,,,0.2443106472492218,
9728,,0.001,,,,
9749,,0.001,,,,
9749,152,,0.18058684468269348,,,
9791,152,,,0.05358704924583435,,
9791,152,,,,0.2452373057603836,
9792,,0.001,,,,
9799,,0.001,,,,
9799,153,,0.22119837999343872,,,
9849,,0.001,,,,
9849,153,,0.24697068333625793,,,
9855,153,,,0.04931635782122612,,
9855,153,,,,0.24301587045192719,
9856,,0.001,,,,
9899,,0.001,,,,
9899,154,,0.28298982977867126,,,
9919,154,,,0.04684942215681076,,
9919,154,,,,0.24380668997764587,
9920,,0.001,,,,
9949,,0.001,,,,
9949,155,,0.16734600067138672,,,
9983,155,,,0.04928575083613396,,
9983,155,,,,0.24236100912094116,
9984,,0.001,,,,
9999,,0.001,,,,
9999,156,,0.2384415566921234,,,
10047,156,,,0.0488751046359539,,
10047,156,,,,0.24665649235248566,
10048,,0.001,,,,
10049,,0.001,,,,
10049,157,,0.3269912898540497,,,
10099,,0.001,,,,
10099,157,,0.30340397357940674,,,
10111,157,,,0.048091914504766464,,
10111,157,,,,0.24214720726013184,
10112,,0.001,,,,
10149,,0.001,,,,
10149,158,,0.27828726172447205,,,
10175,158,,,0.04715970531105995,,
10175,158,,,,0.2413424402475357,
10176,,0.001,,,,
10199,,0.001,,,,
10199,159,,0.20101913809776306,,,
10239,159,,,0.048824746161699295,,
10239,159,,,,0.24171462655067444,
10240,,0.001,,,,
10249,,0.001,,,,
10249,160,,0.21617813408374786,,,
10299,,0.001,,,,
10299,160,,0.23465467989444733,,,
10303,160,,,0.04850855469703674,,
10303,160,,,,0.24128837883472443,
10304,,0.001,,,,
10349,,0.001,,,,
10349,161,,0.23683148622512817,,,
10367,161,,,0.047908637672662735,,
10367,161,,,,0.24194283783435822,
10368,,0.001,,,,
10399,,0.001,,,,
10399,162,,0.253326416015625,,,
10431,162,,,0.04727922007441521,,
10431,162,,,,0.23973527550697327,
10432,,0.001,,,,
10449,,0.001,,,,
10449,163,,0.32845479249954224,,,
10495,163,,,0.04998466372489929,,
10495,163,,,,0.2414209246635437,
10496,,0.001,,,,
10499,,0.001,,,,
10499,164,,0.27804601192474365,,,
10549,,0.001,,,,
10549,164,,0.23087702691555023,,,
10559,164,,,0.04721050709486008,,
10559,164,,,,0.24464863538742065,
10560,,0.001,,,,
10599,,0.001,,,,
10599,165,,0.21753306686878204,,,
10623,165,,,0.04719970375299454,,
10623,165,,,,0.2426110953092575,
10624,,0.001,,,,
10649,,0.001,,,,
10649,166,,0.26164573431015015,,,
10687,166,,,0.04871992766857147,,
10687,166,,,,0.24347008764743805,
10688,,0.001,,,,
10699,,0.001,,,,
10699,167,,0.2234555333852768,,,
10749,,0.001,,,,
10749,167,,0.2824685275554657,,,
10751,167,,,0.04711718112230301,,
10751,167,,,,0.2421826869249344,
10752,,0.001,,,,
10799,,0.001,,,,
10799,168,,0.3005405068397522,,,
10815,168,,,0.047061700373888016,,
10815,168,,,,0.23990750312805176,
10816,,0.001,,,,
10849,,0.001,,,,
10849,169,,0.30116087198257446,,,
10879,169,,,0.04699542373418808,,
10879,169,,,,0.24250541627407074,
10880,,0.001,,,,
10899,,0.001,,,,
10899,170,,0.26732710003852844,,,
10943,170,,,0.04693620279431343,,
10943,170,,,,0.24303531646728516,
10944,,0.001,,,,
10949,,0.001,,,,
10949,171,,0.2569730281829834,,,
10999,,0.001,,,,
10999,171,,0.3294979929924011,,,
11007,171,,,0.048189926892519,,
11007,171,,,,0.24325776100158691,
11008,,0.001,,,,
11049,,0.001,,,,
11049,172,,0.20090961456298828,,,
11071,172,,,0.047295477241277695,,
11071,172,,,,0.24056190252304077,
11072,,0.001,,,,
11099,,0.001,,,,
11099,173,,0.29530003666877747,,,
11135,173,,,0.04693181812763214,,
11135,173,,,,0.24335108697414398,
11136,,0.001,,,,
11149,,0.001,,,,
11149,174,,0.20972996950149536,,,
11199,,0.001,,,,
11199,174,,0.2863147258758545,,,
11199,174,,,0.047851257026195526,,
11199,174,,,,0.24182014167308807,
11200,,0.001,,,,
11249,,0.001,,,,
11249,175,,0.1965838074684143,,,
11263,175,,,0.04709867015480995,,
11263,175,,,,0.24412743747234344,
11264,,0.001,,,,
11299,,0.001,,,,
11299,176,,0.20177018642425537,,,
11327,176,,,0.047167181968688965,,
11327,176,,,,0.24243807792663574,
11328,,0.001,,,,
11349,,0.001,,,,
11349,177,,0.1670239418745041,,,
11391,177,,,0.0478641651570797,,
11391,177,,,,0.2416985034942627,
11392,,0.001,,,,
11399,,0.001,,,,
11399,178,,0.25958502292633057,,,
11449,,0.001,,,,
11449,178,,0.2902969717979431,,,
11455,178,,,0.04844200983643532,,
11455,178,,,,0.24268917739391327,
11456,,0.001,,,,
11499,,0.001,,,,
11499,179,,0.20219945907592773,,,
11519,179,,,0.048454176634550095,,
11519,179,,,,0.24208299815654755,
11520,,0.001,,,,
11549,,0.001,,,,
11549,180,,0.2530134320259094,,,
11583,180,,,0.04783610627055168,,
11583,180,,,,0.2422357201576233,
11584,,0.001,,,,
11599,,0.001,,,,
11599,181,,0.28198158740997314,,,
11647,181,,,0.0490938276052475,,
11647,181,,,,0.2430860996246338,
11648,,0.001,,,,
11649,,0.001,,,,
11649,182,,0.2130291610956192,,,
11699,,0.001,,,,
11699,182,,0.31444549560546875,,,
11711,182,,,0.046846359968185425,,
11711,182,,,,0.2413150817155838,
11712,,0.001,,,,
11749,,0.001,,,,
11749,183,,0.18765003979206085,,,
11775,183,,,0.04864984750747681,,
11775,183,,,,0.24148288369178772,
11776,,0.001,,,,
11799,,0.001,,,,
11799,184,,0.24024106562137604,,,
11839,184,,,0.04722021892666817,,
11839,184,,,,0.2405637800693512,
11840,,0.001,,,,
11849,,0.001,,,,
11849,185,,0.3032565116882324,,,
11899,,0.001,,,,
11899,185,,0.2677372694015503,,,
11903,185,,,0.048859912902116776,,
11903,185,,,,0.24760179221630096,
11904,,0.001,,,,
11949,,0.001,,,,
11949,186,,0.3709947168827057,,,
11967,186,,,0.05014953389763832,,
11967,186,,,,0.2408335953950882,
11968,,0.001,,,,
11999,,0.001,,,,
11999,187,,0.2250969111919403,,,
12031,187,,,0.04669991880655289,,
12031,187,,,,0.24275711178779602,
12032,,0.001,,,,
12049,,0.001,,,,
12049,188,,0.2963360548019409,,,
12095,188,,,0.04637632519006729,,
12095,188,,,,0.24073761701583862,
12096,,0.001,,,,
12099,,0.001,,,,
12099,189,,0.18343952298164368,,,
12149,,0.001,,,,
12149,189,,0.14030274748802185,,,
12159,189,,,0.04785846173763275,,
12159,189,,,,0.24070820212364197,
12160,,0.001,,,,
12199,,0.001,,,,
12199,190,,0.31078046560287476,,,
12223,190,,,0.04787033051252365,,
12223,190,,,,0.24240528047084808,
12224,,0.001,,,,
12249,,0.001,,,,
12249,191,,0.16653501987457275,,,
12287,191,,,0.046351391822099686,,
12287,191,,,,0.23876821994781494,
12288,,0.001,,,,
12299,,0.001,,,,
12299,192,,0.13644877076148987,,,
12349,,0.001,,,,
12349,192,,0.20172527432441711,,,
12351,192,,,0.047555357217788696,,
12351,192,,,,0.2407805621623993,
12352,,0.001,,,,
12399,,0.001,,,,
12399,193,,0.25221502780914307,,,
12415,193,,,0.051280368119478226,,
12415,193,,,,0.24206623435020447,
12416,,0.001,,,,
12449,,0.001,,,,
12449,194,,0.19041746854782104,,,
12479,194,,,0.048425931483507156,,
12479,194,,,,0.24521790444850922,
12480,,0.001,,,,
12499,,0.001,,,,
12499,195,,0.25342848896980286,,,
12543,195,,,0.04649081453680992,,
12543,195,,,,0.2402907758951187,
12544,,0.001,,,,
12549,,0.001,,,,
12549,196,,0.23925863206386566,,,
12599,,0.001,,,,
12599,196,,0.19779813289642334,,,
12607,196,,,0.04614006727933884,,
12607,196,,,,0.24096795916557312,
12608,,0.001,,,,
12649,,0.001,,,,
12649,197,,0.268055260181427,,,
12671,197,,,0.04684436693787575,,
12671,197,,,,0.24262136220932007,
12672,,0.001,,,,
12699,,0.001,,,,
12699,198,,0.1962287425994873,,,
12735,198,,,0.049309179186820984,,
12735,198,,,,0.2392580211162567,
12736,,0.001,,,,
12749,,0.001,,,,
12749,199,,0.2622079849243164,,,
12799,,0.001,,,,
12799,199,,0.35342586040496826,,,
12799,199,,,0.04656027629971504,,
12799,199,,,,0.23890259861946106,
12800,,0.001,,,,
12849,,0.001,,,,
12849,200,,0.24059200286865234,,,
12863,200,,,0.04678802564740181,,
12863,200,,,,0.24056577682495117,
12864,,0.001,,,,
12899,,0.001,,,,
12899,201,,0.2951349914073944,,,
12927,201,,,0.04750971868634224,,
12927,201,,,,0.23983563482761383,
12928,,0.001,,,,
12949,,0.001,,,,
12949,202,,0.2593971788883209,,,
12991,202,,,0.04820734262466431,,
12991,202,,,,0.23965446650981903,
12992,,0.001,,,,
12999,,0.001,,,,
12999,203,,0.2602972984313965,,,
13049,,0.001,,,,
13049,203,,0.26311254501342773,,,
13055,203,,,0.046479351818561554,,
13055,203,,,,0.23856940865516663,
13056,,0.001,,,,
13099,,0.001,,,,
13099,204,,0.22194896638393402,,,
13119,204,,,0.04637995362281799,,
13119,204,,,,0.24065853655338287,
13120,,0.001,,,,
13149,,0.001,,,,
13149,205,,0.3563460111618042,,,
13183,205,,,0.047588493674993515,,
13183,205,,,,0.2368149310350418,
13184,,0.001,,,,
13199,,0.001,,,,
13199,206,,0.31670311093330383,,,
13247,206,,,0.0470396988093853,,
13247,206,,,,0.24066214263439178,
13248,,0.001,,,,
13249,,0.001,,,,
13249,207,,0.24838896095752716,,,
13299,,0.001,,,,
13299,207,,0.2659350335597992,,,
13311,207,,,0.04750111699104309,,
13311,207,,,,0.23963157832622528,
13312,,0.001,,,,
13349,,0.001,,,,
13349,208,,0.11364448070526123,,,
13375,208,,,0.049086835235357285,,
13375,208,,,,0.23691755533218384,
13376,,0.001,,,,
13399,,0.001,,,,
13399,209,,0.25306665897369385,,,
13439,209,,,0.047563690692186356,,
13439,209,,,,0.24225902557373047,
13440,,0.001,,,,
13449,,0.001,,,,
13449,210,,0.19519376754760742,,,
13499,,0.001,,,,
13499,210,,0.19959869980812073,,,
13503,210,,,0.046736862510442734,,
13503,210,,,,0.24185171723365784,
13504,,0.001,,,,
13549,,0.001,,,,
13549,211,,0.19998212158679962,,,
13567,211,,,0.04804578050971031,,
13567,211,,,,0.23846575617790222,
13568,,0.001,,,,
13599,,0.001,,,,
13599,212,,0.27128857374191284,,,
13631,212,,,0.04778393730521202,,
13631,212,,,,0.24102644622325897,
13632,,0.001,,,,
13649,,0.001,,,,
13649,213,,0.2691280245780945,,,
13695,213,,,0.04789244756102562,,
13695,213,,,,0.238461434841156,
13696,,0.001,,,,
13699,,0.001,,,,
13699,214,,0.2844407558441162,,,
13749,,0.001,,,,
13749,214,,0.31405776739120483,,,
13759,214,,,0.04779619723558426,,
13759,214,,,,0.23987585306167603,
13760,,0.001,,,,
13799,,0.001,,,,
13799,215,,0.19238799810409546,,,
13823,215,,,0.05138932913541794,,
13823,215,,,,0.23942512273788452,
13824,,0.001,,,,
13849,,0.001,,,,
13849,216,,0.1682804822921753,,,
13887,216,,,0.04701670631766319,,
13887,216,,,,0.2425239533185959,
13888,,0.001,,,,
13899,,0.001,,,,
13899,217,,0.2360188066959381,,,
13949,,0.001,,,,
13949,217,,0.30727049708366394,,,
13951,217,,,0.04673662409186363,,
13951,217,,,,0.2408735752105713,
13952,,0.001,,,,
13999,,0.001,,,,
13999,218,,0.2554389536380768,,,
14015,218,,,0.04702413082122803,,
14015,218,,,,0.24244368076324463,
14016,,0.001,,,,
14049,,0.001,,,,
14049,219,,0.3032921850681305,,,
14079,219,,,0.04649067670106888,,
14079,219,,,,0.241378515958786,
14080,,0.001,,,,
14099,,0.001,,,,
14099,220,,0.24158120155334473,,,
14143,220,,,0.04756372421979904,,
14143,220,,,,0.24210019409656525,
14144,,0.001,,,,
14149,,0.001,,,,
14149,221,,0.22553932666778564,,,
14199,,0.001,,,,
14199,221,,0.27725449204444885,,,
14207,221,,,0.04678843542933464,,
14207,221,,,,0.24016332626342773,
14208,,0.001,,,,
14249,,0.001,,,,
14249,222,,0.3008802831172943,,,
14271,222,,,0.047137923538684845,,
14271,222,,,,0.2405373454093933,
14272,,0.001,,,,
14299,,0.001,,,,
14299,223,,0.16771773993968964,,,
14335,223,,,0.04643448442220688,,
14335,223,,,,0.24107329547405243,
14336,,0.001,,,,
14349,,0.001,,,,
14349,224,,0.20071566104888916,,,
14399,,0.001,,,,
14399,224,,0.2435837835073471,,,
14399,224,,,0.04687695577740669,,
14399,224,,,,0.23921522498130798,
14400,,0.001,,,,
14449,,0.001,,,,
14449,225,,0.2719874083995819,,,
14463,225,,,0.04922742769122124,,
14463,225,,,,0.23949162662029266,
14464,,0.001,,,,
14499,,0.001,,,,
14499,226,,0.3083771765232086,,,
14527,226,,,0.04722154513001442,,
14527,226,,,,0.24243822693824768,
14528,,0.001,,,,
14549,,0.001,,,,
14549,227,,0.32575109601020813,,,
14591,227,,,0.04652678221464157,,
14591,227,,,,0.23994000256061554,
14592,,0.001,,,,
14599,,0.001,,,,
14599,228,,0.1765163242816925,,,
14649,,0.001,,,,
14649,228,,0.28818199038505554,,,
14655,228,,,0.049540191888809204,,
14655,228,,,,0.24188239872455597,
14656,,0.001,,,,
14699,,0.001,,,,
14699,229,,0.28658440709114075,,,
14719,229,,,0.04730851575732231,,
14719,229,,,,0.24037085473537445,
14720,,0.001,,,,
14749,,0.001,,,,
14749,230,,0.26032429933547974,,,
14783,230,,,0.046426087617874146,,
14783,230,,,,0.23896373808383942,
14784,,0.001,,,,
14799,,0.001,,,,
14799,231,,0.25808268785476685,,,
14847,231,,,0.04952563717961311,,
14847,231,,,,0.23896808922290802,
14848,,0.001,,,,
14849,,0.001,,,,
14849,232,,0.19082823395729065,,,
14899,,0.001,,,,
14899,232,,0.20947036147117615,,,
14911,232,,,0.04655759409070015,,
14911,232,,,,0.24061529338359833,
14912,,0.001,,,,
14949,,0.001,,,,
14949,233,,0.34745529294013977,,,
14975,233,,,0.046849317848682404,,
14975,233,,,,0.23941142857074738,
14976,,0.001,,,,
14999,,0.001,,,,
14999,234,,0.24995017051696777,,,
15039,234,,,0.04631171375513077,,
15039,234,,,,0.24071460962295532,
15040,,0.001,,,,
15049,,0.001,,,,
15049,235,,0.23469002544879913,,,
15099,,0.001,,,,
15099,235,,0.16531705856323242,,,
15103,235,,,0.05245974659919739,,
15103,235,,,,0.2389964461326599,
15104,,0.001,,,,
15149,,0.001,,,,
15149,236,,0.3059925138950348,,,
15167,236,,,0.050024762749671936,,
15167,236,,,,0.2395634949207306,
15168,,0.001,,,,
15199,,0.001,,,,
15199,237,,0.20118653774261475,,,
15231,237,,,0.04609967768192291,,
15231,237,,,,0.24052107334136963,
15232,,0.001,,,,
15249,,0.001,,,,
15249,238,,0.22214758396148682,,,
15295,238,,,0.048955198377370834,,
15295,238,,,,0.2390979528427124,
15296,,0.001,,,,
15299,,0.001,,,,
15299,239,,0.20468641817569733,,,
15349,,0.001,,,,
15349,239,,0.28984156250953674,,,
15359,239,,,0.04637598618865013,,
15359,239,,,,0.23953095078468323,
15360,,0.001,,,,
15399,,0.001,,,,
15399,240,,0.20509718358516693,,,
15423,240,,,0.04677625373005867,,
15423,240,,,,0.23952716588974,
15424,,0.001,,,,
15449,,0.001,,,,
15449,241,,0.18702630698680878,,,
15487,241,,,0.046787671744823456,,
15487,241,,,,0.2408822774887085,
15488,,0.001,,,,
15499,,0.001,,,,
15499,242,,0.24515783786773682,,,
15549,,0.001,,,,
15549,242,,0.25364524126052856,,,
15551,242,,,0.046469949185848236,,
15551,242,,,,0.2406286597251892,
15552,,0.001,,,,
15599,,0.001,,,,
15599,243,,0.3142947554588318,,,
15615,243,,,0.045986443758010864,,
15615,243,,,,0.23901642858982086,
15616,,0.001,,,,
15649,,0.001,,,,
15649,244,,0.2491779327392578,,,
15679,244,,,0.04745521768927574,,
15679,244,,,,0.2405548244714737,
15680,,0.001,,,,
15699,,0.001,,,,
15699,245,,0.1755361258983612,,,
15743,245,,,0.04900747165083885,,
15743,245,,,,0.24007609486579895,
15744,,0.001,,,,
15749,,0.001,,,,
15749,246,,0.3309217393398285,,,
15799,,0.001,,,,
15799,246,,0.13536778092384338,,,
15807,246,,,0.04660297930240631,,
15807,246,,,,0.23699355125427246,
15808,,0.001,,,,
15849,,0.001,,,,
15849,247,,0.3056640028953552,,,
15871,247,,,0.046645667403936386,,
15871,247,,,,0.23941513895988464,
15872,,0.001,,,,
15899,,0.001,,,,
15899,248,,0.21580198407173157,,,
15935,248,,,0.04853377118706703,,
15935,248,,,,0.24288946390151978,
15936,,0.001,,,,
15936,249,,,,,4.023175239562988
