lr-Adam,epoch,train_loss_step,step,val_loss,train_loss_epoch
0.001,,,0,,
0.001,,,49,,
,0,0.14157900214195251,49,,
,0,,63,0.13510121405124664,
,0,,63,,0.1780896782875061
0.001,,,64,,
0.001,,,99,,
,1,0.12992753088474274,99,,
,1,,127,0.1257421374320984,
,1,,127,,0.13011544942855835
0.001,,,128,,
0.001,,,149,,
,2,0.12257201969623566,149,,
,2,,191,0.12049641460180283,
,2,,191,,0.12402285635471344
0.001,,,192,,
0.001,,,199,,
,3,0.11865369975566864,199,,
0.001,,,249,,
,3,0.11254988610744476,249,,
,3,,255,0.11471804976463318,
,3,,255,,0.11749890446662903
0.001,,,256,,
0.001,,,299,,
,4,0.11317946016788483,299,,
,4,,319,0.11254560947418213,
,4,,319,,0.11259467154741287
0.001,,,320,,
0.001,,,349,,
,5,0.10566921532154083,349,,
,5,,383,0.10513578355312347,
,5,,383,,0.10782639682292938
0.001,,,384,,
0.001,,,399,,
,6,0.10085605829954147,399,,
,6,,447,0.10143595933914185,
,6,,447,,0.10258995741605759
0.001,,,448,,
0.001,,,449,,
,7,0.09807752817869186,449,,
0.001,,,499,,
,7,0.09707769006490707,499,,
,7,,511,0.09593803435564041,
,7,,511,,0.0975085198879242
0.001,,,512,,
0.001,,,549,,
,8,0.09150927513837814,549,,
,8,,575,0.09068762511014938,
,8,,575,,0.09296980500221252
0.001,,,576,,
0.001,,,599,,
,9,0.08624380081892014,599,,
,9,,639,0.08694024384021759,
,9,,639,,0.08713626861572266
0.001,,,640,,
0.001,,,649,,
,10,0.08847050368785858,649,,
0.001,,,699,,
,10,0.08227439969778061,699,,
,10,,703,0.08036549389362335,
,10,,703,,0.0823185071349144
0.001,,,704,,
0.001,,,749,,
,11,0.07729488611221313,749,,
,11,,767,0.07720007747411728,
,11,,767,,0.07752513140439987
0.001,,,768,,
0.001,,,799,,
,12,0.07845821976661682,799,,
,12,,831,0.07204890996217728,
,12,,831,,0.07546063512563705
0.001,,,832,,
0.001,,,849,,
,13,0.07081834226846695,849,,
,13,,895,0.07076740264892578,
,13,,895,,0.07144305109977722
0.001,,,896,,
0.001,,,899,,
,14,0.07207983732223511,899,,
0.001,,,949,,
,14,0.06763205677270889,949,,
,14,,959,0.07036399096250534,
,14,,959,,0.0695786252617836
0.001,,,960,,
0.001,,,999,,
,15,0.0665697231888771,999,,
,15,,1023,0.06834736466407776,
,15,,1023,,0.06796655803918839
0.001,,,1024,,
0.001,,,1049,,
,16,0.06790954619646072,1049,,
,16,,1087,0.07202018052339554,
,16,,1087,,0.06795408576726913
0.001,,,1088,,
0.001,,,1099,,
,17,0.06410948932170868,1099,,
0.001,,,1149,,
,17,0.06368792802095413,1149,,
,17,,1151,0.06563650816679001,
,17,,1151,,0.06583723425865173
0.001,,,1152,,
0.001,,,1199,,
,18,0.06742394715547562,1199,,
,18,,1215,0.06294361501932144,
,18,,1215,,0.06424595415592194
0.001,,,1216,,
0.001,,,1249,,
,19,0.06517044454813004,1249,,
,19,,1279,0.06615331023931503,
,19,,1279,,0.06322047859430313
0.001,,,1280,,
0.001,,,1299,,
,20,0.061368800699710846,1299,,
,20,,1343,0.06248774379491806,
,20,,1343,,0.06286564469337463
0.001,,,1344,,
0.001,,,1349,,
,21,0.06000710278749466,1349,,
0.001,,,1399,,
,21,0.05483125522732735,1399,,
,21,,1407,0.061969906091690063,
,21,,1407,,0.06233646720647812
0.001,,,1408,,
0.001,,,1449,,
,22,0.06048072502017021,1449,,
,22,,1471,0.06134305149316788,
,22,,1471,,0.061188239604234695
0.001,,,1472,,
0.001,,,1499,,
,23,0.06274764239788055,1499,,
,23,,1535,0.06065624579787254,
,23,,1535,,0.06152796000242233
0.001,,,1536,,
0.001,,,1549,,
,24,0.06017547845840454,1549,,
0.001,,,1599,,
,24,0.06214660033583641,1599,,
,24,,1599,0.061206378042697906,
,24,,1599,,0.060100723057985306
0.001,,,1600,,
0.001,,,1649,,
,25,0.06230921298265457,1649,,
,25,,1663,0.06252574920654297,
,25,,1663,,0.059992849826812744
0.001,,,1664,,
0.001,,,1699,,
,26,0.058743659406900406,1699,,
,26,,1727,0.05869919806718826,
,26,,1727,,0.059931349009275436
0.001,,,1728,,
0.001,,,1749,,
,27,0.06165609881281853,1749,,
,27,,1791,0.058652278035879135,
,27,,1791,,0.05919032543897629
0.001,,,1792,,
0.001,,,1799,,
,28,0.06596576422452927,1799,,
0.001,,,1849,,
,28,0.06336157768964767,1849,,
,28,,1855,0.06102100759744644,
,28,,1855,,0.05989118665456772
0.001,,,1856,,
0.001,,,1899,,
,29,0.055958233773708344,1899,,
,29,,1919,0.05971332639455795,
,29,,1919,,0.059381935745477676
0.001,,,1920,,
0.001,,,1949,,
,30,0.05430137738585472,1949,,
,30,,1983,0.057650912553071976,
,30,,1983,,0.05825498327612877
0.001,,,1984,,
0.001,,,1999,,
,31,0.06136801838874817,1999,,
,31,,2047,0.057547688484191895,
,31,,2047,,0.05759018287062645
0.001,,,2048,,
0.001,,,2049,,
,32,0.05482782796025276,2049,,
0.001,,,2099,,
,32,0.055203765630722046,2099,,
,32,,2111,0.057374775409698486,
,32,,2111,,0.057842422276735306
0.001,,,2112,,
0.001,,,2149,,
,33,0.058258648961782455,2149,,
,33,,2175,0.05774973705410957,
,33,,2175,,0.05782819166779518
0.001,,,2176,,
0.001,,,2199,,
,34,0.05852493643760681,2199,,
,34,,2239,0.06117284297943115,
,34,,2239,,0.05836513265967369
0.001,,,2240,,
0.001,,,2249,,
,35,0.054933298379182816,2249,,
0.001,,,2299,,
,35,0.0546654649078846,2299,,
,35,,2303,0.05687699839472771,
,35,,2303,,0.057725243270397186
0.001,,,2304,,
0.001,,,2349,,
,36,0.05862046778202057,2349,,
,36,,2367,0.05650065839290619,
,36,,2367,,0.0569276288151741
0.001,,,2368,,
0.001,,,2399,,
,37,0.05568060651421547,2399,,
,37,,2431,0.05634741857647896,
,37,,2431,,0.05648178607225418
0.001,,,2432,,
0.001,,,2449,,
,38,0.05280387029051781,2449,,
,38,,2495,0.05605948343873024,
,38,,2495,,0.05723617598414421
0.001,,,2496,,
0.001,,,2499,,
,39,0.057253461331129074,2499,,
0.001,,,2549,,
,39,0.05757608637213707,2549,,
,39,,2559,0.058550722897052765,
,39,,2559,,0.05664017051458359
0.001,,,2560,,
0.001,,,2599,,
,40,0.05591944605112076,2599,,
,40,,2623,0.056855686008930206,
,40,,2623,,0.05652422830462456
0.001,,,2624,,
0.001,,,2649,,
,41,0.054496075958013535,2649,,
,41,,2687,0.05582122132182121,
,41,,2687,,0.05577186867594719
0.001,,,2688,,
0.001,,,2699,,
,42,0.05272165313363075,2699,,
0.001,,,2749,,
,42,0.048599112778902054,2749,,
,42,,2751,0.05515104904770851,
,42,,2751,,0.055730901658535004
0.001,,,2752,,
0.001,,,2799,,
,43,0.055700406432151794,2799,,
,43,,2815,0.056582722812891006,
,43,,2815,,0.055713772773742676
0.001,,,2816,,
0.001,,,2849,,
,44,0.059902891516685486,2849,,
,44,,2879,0.05817703157663345,
,44,,2879,,0.05708759278059006
0.001,,,2880,,
0.001,,,2899,,
,45,0.05559546500444412,2899,,
,45,,2943,0.057558778673410416,
,45,,2943,,0.05520301312208176
0.001,,,2944,,
0.001,,,2949,,
,46,0.054365124553442,2949,,
0.001,,,2999,,
,46,0.05737769603729248,2999,,
,46,,3007,0.05579564347863197,
,46,,3007,,0.055017996579408646
0.001,,,3008,,
0.001,,,3049,,
,47,0.04856023192405701,3049,,
,47,,3071,0.05547894537448883,
,47,,3071,,0.05467741936445236
0.001,,,3072,,
0.001,,,3099,,
,48,0.053423162549734116,3099,,
,48,,3135,0.05579042434692383,
,48,,3135,,0.0555676594376564
0.001,,,3136,,
0.001,,,3149,,
,49,0.04971827566623688,3149,,
0.001,,,3199,,
,49,0.060790009796619415,3199,,
,49,,3199,0.05461682751774788,
,49,,3199,,0.05498720332980156
0.001,,,3200,,
0.001,,,3249,,
,50,0.052664048969745636,3249,,
,50,,3263,0.055310558527708054,
,50,,3263,,0.054600853472948074
0.001,,,3264,,
0.001,,,3299,,
,51,0.0503922663629055,3299,,
,51,,3327,0.05434674024581909,
,51,,3327,,0.05509411543607712
0.001,,,3328,,
0.001,,,3349,,
,52,0.05492711439728737,3349,,
,52,,3391,0.054243702441453934,
,52,,3391,,0.05374949052929878
0.001,,,3392,,
0.001,,,3399,,
,53,0.05580225586891174,3399,,
0.001,,,3449,,
,53,0.0529937781393528,3449,,
,53,,3455,0.056572090834379196,
,53,,3455,,0.05371410772204399
0.001,,,3456,,
0.001,,,3499,,
,54,0.054252054542303085,3499,,
,54,,3519,0.05393611639738083,
,54,,3519,,0.054131023585796356
0.001,,,3520,,
0.001,,,3549,,
,55,0.061829205602407455,3549,,
,55,,3583,0.05495845526456833,
,55,,3583,,0.05449283868074417
0.001,,,3584,,
0.001,,,3599,,
,56,0.05722785368561745,3599,,
,56,,3647,0.05579221993684769,
,56,,3647,,0.05341770127415657
0.001,,,3648,,
0.001,,,3649,,
,57,0.05386579409241676,3649,,
0.001,,,3699,,
,57,0.05432238429784775,3699,,
,57,,3711,0.0533289797604084,
,57,,3711,,0.05363722890615463
0.001,,,3712,,
0.001,,,3749,,
,58,0.05034351721405983,3749,,
,58,,3775,0.05286078155040741,
,58,,3775,,0.05322751775383949
0.001,,,3776,,
0.001,,,3799,,
,59,0.051905035972595215,3799,,
,59,,3839,0.051297690719366074,
,59,,3839,,0.05175136774778366
0.001,,,3840,,
0.001,,,3849,,
,60,0.04853260889649391,3849,,
0.001,,,3899,,
,60,0.052487485110759735,3899,,
,60,,3903,0.05168542265892029,
,60,,3903,,0.05061562731862068
0.001,,,3904,,
0.001,,,3949,,
,61,0.05061247944831848,3949,,
,61,,3967,0.04834544658660889,
,61,,3967,,0.05074400454759598
0.001,,,3968,,
0.001,,,3999,,
,62,0.052049219608306885,3999,,
,62,,4031,0.049610916525125504,
,62,,4031,,0.04895082861185074
0.001,,,4032,,
0.001,,,4049,,
,63,0.0506293959915638,4049,,
,63,,4095,0.050098903477191925,
,63,,4095,,0.049040164798498154
0.001,,,4096,,
0.001,,,4099,,
,64,0.04959491267800331,4099,,
0.001,,,4149,,
,64,0.048111069947481155,4149,,
,64,,4159,0.04677435755729675,
,64,,4159,,0.04839117079973221
0.001,,,4160,,
0.001,,,4199,,
,65,0.051860567182302475,4199,,
,65,,4223,0.04680265113711357,
,65,,4223,,0.04840509966015816
0.001,,,4224,,
0.001,,,4249,,
,66,0.047564245760440826,4249,,
,66,,4287,0.04883037135004997,
,66,,4287,,0.046785321086645126
0.001,,,4288,,
0.001,,,4299,,
,67,0.0481385663151741,4299,,
0.001,,,4349,,
,67,0.045079223811626434,4349,,
,67,,4351,0.04553594812750816,
,67,,4351,,0.04671275615692139
0.001,,,4352,,
0.001,,,4399,,
,68,0.04573201760649681,4399,,
,68,,4415,0.04668557643890381,
,68,,4415,,0.04801454395055771
0.001,,,4416,,
0.001,,,4449,,
,69,0.045342884957790375,4449,,
,69,,4479,0.045505668967962265,
,69,,4479,,0.04580124467611313
0.001,,,4480,,
0.001,,,4499,,
,70,0.044390249997377396,4499,,
,70,,4543,0.04490150511264801,
,70,,4543,,0.04586626589298248
0.001,,,4544,,
0.001,,,4549,,
,71,0.044700298458337784,4549,,
0.001,,,4599,,
,71,0.045053448528051376,4599,,
,71,,4607,0.04467735067009926,
,71,,4607,,0.04539647698402405
0.001,,,4608,,
0.001,,,4649,,
,72,0.044949352741241455,4649,,
,72,,4671,0.044736601412296295,
,72,,4671,,0.04524068161845207
0.001,,,4672,,
0.001,,,4699,,
,73,0.0465109758079052,4699,,
,73,,4735,0.046012476086616516,
,73,,4735,,0.04630352184176445
0.001,,,4736,,
0.001,,,4749,,
,74,0.046510424464941025,4749,,
0.001,,,4799,,
,74,0.04706255719065666,4799,,
,74,,4799,0.044542279094457626,
,74,,4799,,0.045012664049863815
0.001,,,4800,,
0.001,,,4849,,
,75,0.04232022538781166,4849,,
,75,,4863,0.04410155862569809,
,75,,4863,,0.04454013705253601
0.001,,,4864,,
0.001,,,4899,,
,76,0.04577592387795448,4899,,
,76,,4927,0.044356249272823334,
,76,,4927,,0.045346204191446304
0.001,,,4928,,
0.001,,,4949,,
,77,0.042888298630714417,4949,,
,77,,4991,0.04442690312862396,
,77,,4991,,0.04467705637216568
0.001,,,4992,,
0.001,,,4999,,
,78,0.043938688933849335,4999,,
0.001,,,5049,,
,78,0.04309842362999916,5049,,
,78,,5055,0.044868987053632736,
,78,,5055,,0.04425358399748802
0.001,,,5056,,
0.001,,,5099,,
,79,0.043310970067977905,5099,,
,79,,5119,0.04557846486568451,
,79,,5119,,0.04403148218989372
0.001,,,5120,,
0.001,,,5149,,
,80,0.042724285274744034,5149,,
,80,,5183,0.0447070375084877,
,80,,5183,,0.044524434953927994
0.001,,,5184,,
0.001,,,5199,,
,81,0.04253501445055008,5199,,
,81,,5247,0.04296991229057312,
,81,,5247,,0.0441865436732769
0.001,,,5248,,
0.001,,,5249,,
,82,0.04285239428281784,5249,,
0.001,,,5299,,
,82,0.045221924781799316,5299,,
,82,,5311,0.043000079691410065,
,82,,5311,,0.04346809163689613
0.001,,,5312,,
0.001,,,5349,,
,83,0.044843144714832306,5349,,
,83,,5375,0.0449531190097332,
,83,,5375,,0.04371878132224083
0.001,,,5376,,
0.001,,,5399,,
,84,0.043212223798036575,5399,,
,84,,5439,0.044319991022348404,
,84,,5439,,0.043643172830343246
0.001,,,5440,,
0.001,,,5449,,
,85,0.042166613042354584,5449,,
0.001,,,5499,,
,85,0.04166889190673828,5499,,
,85,,5503,0.042785122990608215,
,85,,5503,,0.04347274452447891
0.001,,,5504,,
0.001,,,5549,,
,86,0.042414791882038116,5549,,
,86,,5567,0.04255073145031929,
,86,,5567,,0.043031614273786545
0.001,,,5568,,
0.001,,,5599,,
,87,0.043146613985300064,5599,,
,87,,5631,0.04964571073651314,
,87,,5631,,0.043023545295000076
0.001,,,5632,,
0.001,,,5649,,
,88,0.04234280809760094,5649,,
,88,,5695,0.04387564957141876,
,88,,5695,,0.0435604564845562
0.001,,,5696,,
0.001,,,5699,,
,89,0.04344004765152931,5699,,
0.001,,,5749,,
,89,0.04195999354124069,5749,,
,89,,5759,0.04616355895996094,
,89,,5759,,0.043795518577098846
0.001,,,5760,,
0.001,,,5799,,
,90,0.04050896689295769,5799,,
,90,,5823,0.04230142757296562,
,90,,5823,,0.043313536792993546
0.001,,,5824,,
0.001,,,5849,,
,91,0.03957906365394592,5849,,
,91,,5887,0.04219646379351616,
,91,,5887,,0.042766962200403214
0.001,,,5888,,
0.001,,,5899,,
,92,0.043271154165267944,5899,,
0.001,,,5949,,
,92,0.04432990774512291,5949,,
,92,,5951,0.04188493266701698,
,92,,5951,,0.04358623921871185
0.001,,,5952,,
0.001,,,5999,,
,93,0.04259913042187691,5999,,
,93,,6015,0.04237262159585953,
,93,,6015,,0.042169928550720215
0.001,,,6016,,
0.001,,,6049,,
,94,0.04259505495429039,6049,,
,94,,6079,0.04205828905105591,
,94,,6079,,0.04266386851668358
0.001,,,6080,,
0.001,,,6099,,
,95,0.04432803392410278,6099,,
,95,,6143,0.04262780398130417,
,95,,6143,,0.0423201248049736
0.001,,,6144,,
0.001,,,6149,,
,96,0.045113738626241684,6149,,
0.001,,,6199,,
,96,0.042209044098854065,6199,,
,96,,6207,0.04219960793852806,
,96,,6207,,0.04248691350221634
0.001,,,6208,,
0.001,,,6249,,
,97,0.04127919301390648,6249,,
,97,,6271,0.04163539037108421,
,97,,6271,,0.04230832681059837
0.001,,,6272,,
0.001,,,6299,,
,98,0.04226391389966011,6299,,
,98,,6335,0.04239025339484215,
,98,,6335,,0.041696947067976
0.001,,,6336,,
0.001,,,6349,,
,99,0.04384676367044449,6349,,
0.001,,,6399,,
,99,0.03879284858703613,6399,,
,99,,6399,0.041567668318748474,
,99,,6399,,0.041875049471855164
0.001,,,6400,,
0.001,,,6449,,
,100,0.04280395060777664,6449,,
,100,,6463,0.041531313210725784,
,100,,6463,,0.042249538004398346
0.001,,,6464,,
0.001,,,6499,,
,101,0.04316319152712822,6499,,
,101,,6527,0.04163718223571777,
,101,,6527,,0.042168762534856796
0.001,,,6528,,
0.001,,,6549,,
,102,0.04112039506435394,6549,,
,102,,6591,0.041561830788850784,
,102,,6591,,0.04152987524867058
0.001,,,6592,,
0.001,,,6599,,
,103,0.042393967509269714,6599,,
0.001,,,6649,,
,103,0.04233375936746597,6649,,
,103,,6655,0.04081394895911217,
,103,,6655,,0.04145186021924019
0.001,,,6656,,
0.001,,,6699,,
,104,0.04340740665793419,6699,,
,104,,6719,0.04097798094153404,
,104,,6719,,0.041549552232027054
0.001,,,6720,,
0.001,,,6749,,
,105,0.04415475204586983,6749,,
,105,,6783,0.04084659740328789,
,105,,6783,,0.04225270450115204
0.001,,,6784,,
0.001,,,6799,,
,106,0.04268389567732811,6799,,
,106,,6847,0.0420893058180809,
,106,,6847,,0.041584499180316925
0.001,,,6848,,
0.001,,,6849,,
,107,0.0396231971681118,6849,,
0.001,,,6899,,
,107,0.03952313959598541,6899,,
,107,,6911,0.04112884774804115,
,107,,6911,,0.041266873478889465
0.001,,,6912,,
0.001,,,6949,,
,108,0.04191401228308678,6949,,
,108,,6975,0.04319775104522705,
,108,,6975,,0.04113513603806496
0.001,,,6976,,
0.001,,,6999,,
,109,0.04172723367810249,6999,,
,109,,7039,0.04155431315302849,
,109,,7039,,0.041152723133563995
0.001,,,7040,,
0.001,,,7049,,
,110,0.042111653834581375,7049,,
0.001,,,7099,,
,110,0.04130594804883003,7099,,
,110,,7103,0.04190484806895256,
,110,,7103,,0.04218490794301033
0.001,,,7104,,
0.001,,,7149,,
,111,0.04174312204122543,7149,,
,111,,7167,0.04245518147945404,
,111,,7167,,0.04196901246905327
0.001,,,7168,,
0.001,,,7199,,
,112,0.0413631796836853,7199,,
,112,,7231,0.04106457158923149,
,112,,7231,,0.0411982461810112
0.001,,,7232,,
0.001,,,7249,,
,113,0.03933423385024071,7249,,
,113,,7295,0.04091830551624298,
,113,,7295,,0.040884874761104584
0.001,,,7296,,
0.001,,,7299,,
,114,0.04143623262643814,7299,,
0.001,,,7349,,
,114,0.04004877433180809,7349,,
,114,,7359,0.0401855893433094,
,114,,7359,,0.04048335552215576
0.001,,,7360,,
0.001,,,7399,,
,115,0.041802823543548584,7399,,
,115,,7423,0.04016600921750069,
,115,,7423,,0.040349654853343964
0.001,,,7424,,
0.001,,,7449,,
,116,0.04271627217531204,7449,,
,116,,7487,0.04024998098611832,
,116,,7487,,0.04071957245469093
0.001,,,7488,,
0.001,,,7499,,
,117,0.0421651154756546,7499,,
0.001,,,7549,,
,117,0.042783431708812714,7549,,
,117,,7551,0.039997648447752,
,117,,7551,,0.04047069326043129
0.001,,,7552,,
0.001,,,7599,,
,118,0.041727807372808456,7599,,
,118,,7615,0.04117603600025177,
,118,,7615,,0.0414302833378315
0.001,,,7616,,
0.001,,,7649,,
,119,0.040876202285289764,7649,,
,119,,7679,0.039781827479600906,
,119,,7679,,0.040912434458732605
0.001,,,7680,,
0.001,,,7699,,
,120,0.03817841410636902,7699,,
,120,,7743,0.03986096754670143,
,120,,7743,,0.03997443988919258
0.001,,,7744,,
0.001,,,7749,,
,121,0.04072558134794235,7749,,
0.001,,,7799,,
,121,0.0416671559214592,7799,,
,121,,7807,0.03957135230302811,
,121,,7807,,0.04027458280324936
0.001,,,7808,,
0.001,,,7849,,
,122,0.04377030208706856,7849,,
,122,,7871,0.03955724462866783,
,122,,7871,,0.03997402638196945
0.001,,,7872,,
0.001,,,7899,,
,123,0.03915081173181534,7899,,
,123,,7935,0.04016975685954094,
,123,,7935,,0.039918605238199234
0.001,,,7936,,
0.001,,,7949,,
,124,0.03939080983400345,7949,,
0.001,,,7999,,
,124,0.04346807301044464,7999,,
,124,,7999,0.04000111669301987,
,124,,7999,,0.040188707411289215
0.001,,,8000,,
0.001,,,8049,,
,125,0.04095548763871193,8049,,
,125,,8063,0.04012013599276543,
,125,,8063,,0.04010574892163277
0.001,,,8064,,
0.001,,,8099,,
,126,0.039583995938301086,8099,,
,126,,8127,0.03956478461623192,
,126,,8127,,0.03964050114154816
0.001,,,8128,,
0.001,,,8149,,
,127,0.03996757045388222,8149,,
,127,,8191,0.03931475058197975,
,127,,8191,,0.04001038894057274
0.001,,,8192,,
0.001,,,8199,,
,128,0.04230409860610962,8199,,
0.001,,,8249,,
,128,0.04091665521264076,8249,,
,128,,8255,0.03940583020448685,
,128,,8255,,0.03940945118665695
0.001,,,8256,,
0.001,,,8299,,
,129,0.04194599390029907,8299,,
,129,,8319,0.040264613926410675,
,129,,8319,,0.03975759446620941
0.001,,,8320,,
0.001,,,8349,,
,130,0.040820542722940445,8349,,
,130,,8383,0.04015263542532921,
,130,,8383,,0.03980644792318344
0.001,,,8384,,
0.001,,,8399,,
,131,0.04073638468980789,8399,,
,131,,8447,0.038935549557209015,
,131,,8447,,0.039404094219207764
0.001,,,8448,,
0.001,,,8449,,
,132,0.0392267107963562,8449,,
0.001,,,8499,,
,132,0.038610510528087616,8499,,
,132,,8511,0.03891437128186226,
,132,,8511,,0.03956985846161842
0.001,,,8512,,
0.001,,,8549,,
,133,0.03845681995153427,8549,,
,133,,8575,0.03914707526564598,
,133,,8575,,0.039266351610422134
0.001,,,8576,,
0.001,,,8599,,
,134,0.03860101476311684,8599,,
,134,,8639,0.03944368660449982,
,134,,8639,,0.039079710841178894
0.001,,,8640,,
0.001,,,8649,,
,135,0.03945281356573105,8649,,
0.001,,,8699,,
,135,0.03974340856075287,8699,,
,135,,8703,0.038548972457647324,
,135,,8703,,0.039216555655002594
0.001,,,8704,,
0.001,,,8749,,
,136,0.040571603924036026,8749,,
,136,,8767,0.03865644708275795,
,136,,8767,,0.0398053415119648
0.001,,,8768,,
0.001,,,8799,,
,137,0.041076939553022385,8799,,
,137,,8831,0.038570649921894073,
,137,,8831,,0.03897601738572121
0.001,,,8832,,
0.001,,,8849,,
,138,0.0368460975587368,8849,,
,138,,8895,0.039153728634119034,
,138,,8895,,0.03893987089395523
0.001,,,8896,,
0.001,,,8899,,
,139,0.03713330253958702,8899,,
0.001,,,8949,,
,139,0.03669518232345581,8949,,
,139,,8959,0.03825286775827408,
,139,,8959,,0.039004113525152206
0.001,,,8960,,
0.001,,,8999,,
,140,0.041933588683605194,8999,,
,140,,9023,0.039219554513692856,
,140,,9023,,0.03901238739490509
0.001,,,9024,,
0.001,,,9049,,
,141,0.038159310817718506,9049,,
,141,,9087,0.038567427545785904,
,141,,9087,,0.03871255740523338
0.001,,,9088,,
0.001,,,9099,,
,142,0.03906938061118126,9099,,
0.001,,,9149,,
,142,0.03846411779522896,9149,,
,142,,9151,0.03808910772204399,
,142,,9151,,0.03891254961490631
0.001,,,9152,,
0.001,,,9199,,
,143,0.039371296763420105,9199,,
,143,,9215,0.038723550736904144,
,143,,9215,,0.038539111614227295
0.001,,,9216,,
0.001,,,9249,,
,144,0.03833448141813278,9249,,
,144,,9279,0.03841887041926384,
,144,,9279,,0.038428306579589844
0.001,,,9280,,
0.001,,,9299,,
,145,0.04460183158516884,9299,,
,145,,9343,0.03783472627401352,
,145,,9343,,0.039023470133543015
0.001,,,9344,,
0.001,,,9349,,
,146,0.03706047311425209,9349,,
0.001,,,9399,,
,146,0.03840136155486107,9399,,
,146,,9407,0.040418099611997604,
,146,,9407,,0.038306329399347305
0.001,,,9408,,
0.001,,,9449,,
,147,0.039520613849163055,9449,,
,147,,9471,0.037800900638103485,
,147,,9471,,0.03846460208296776
0.001,,,9472,,
0.001,,,9499,,
,148,0.0377209298312664,9499,,
,148,,9535,0.04331090673804283,
,148,,9535,,0.039022449404001236
0.001,,,9536,,
0.001,,,9549,,
,149,0.03921191394329071,9549,,
0.001,,,9599,,
,149,0.03970824182033539,9599,,
,149,,9599,0.03902585059404373,
,149,,9599,,0.03918319568037987
0.001,,,9600,,
0.001,,,9649,,
,150,0.03640421852469444,9649,,
,150,,9663,0.03886790573596954,
,150,,9663,,0.03824953734874725
0.001,,,9664,,
0.001,,,9699,,
,151,0.03764590993523598,9699,,
,151,,9727,0.03797445818781853,
,151,,9727,,0.03823709115386009
0.001,,,9728,,
0.001,,,9749,,
,152,0.03904489800333977,9749,,
,152,,9791,0.037899553775787354,
,152,,9791,,0.03814804553985596
0.001,,,9792,,
0.001,,,9799,,
,153,0.03649091720581055,9799,,
0.001,,,9849,,
,153,0.0383770726621151,9849,,
,153,,9855,0.03766629844903946,
,153,,9855,,0.03786609694361687
0.001,,,9856,,
0.001,,,9899,,
,154,0.04047233983874321,9899,,
,154,,9919,0.037861406803131104,
,154,,9919,,0.037926044315099716
0.001,,,9920,,
0.001,,,9949,,
,155,0.03683372586965561,9949,,
,155,,9983,0.03782890364527702,
,155,,9983,,0.03777451440691948
0.001,,,9984,,
0.001,,,9999,,
,156,0.036665625870227814,9999,,
,156,,10047,0.03834089636802673,
,156,,10047,,0.03775794431567192
0.001,,,10048,,
0.001,,,10049,,
,157,0.04190491512417793,10049,,
0.001,,,10099,,
,157,0.03706593066453934,10099,,
,157,,10111,0.03810473904013634,
,157,,10111,,0.03801702335476875
0.001,,,10112,,
0.001,,,10149,,
,158,0.03748488798737526,10149,,
,158,,10175,0.03731478378176689,
,158,,10175,,0.0378853976726532
0.001,,,10176,,
0.001,,,10199,,
,159,0.03730808570981026,10199,,
,159,,10239,0.03729953244328499,
,159,,10239,,0.03779493272304535
0.001,,,10240,,
0.001,,,10249,,
,160,0.03894798085093498,10249,,
0.001,,,10299,,
,160,0.0382104329764843,10299,,
,160,,10303,0.0385025255382061,
,160,,10303,,0.037724461406469345
0.001,,,10304,,
0.001,,,10349,,
,161,0.04104338586330414,10349,,
,161,,10367,0.0394454263150692,
,161,,10367,,0.038025397807359695
0.001,,,10368,,
0.001,,,10399,,
,162,0.03605525940656662,10399,,
,162,,10431,0.037472985684871674,
,162,,10431,,0.037665415555238724
0.001,,,10432,,
0.001,,,10449,,
,163,0.03893435001373291,10449,,
,163,,10495,0.042764823883771896,
,163,,10495,,0.03785555809736252
0.001,,,10496,,
0.001,,,10499,,
,164,0.04278283193707466,10499,,
0.001,,,10549,,
,164,0.03860347345471382,10549,,
,164,,10559,0.03718472272157669,
,164,,10559,,0.038336653262376785
0.001,,,10560,,
0.001,,,10599,,
,165,0.03638036921620369,10599,,
,165,,10623,0.040129780769348145,
,165,,10623,,0.03769013285636902
0.001,,,10624,,
0.001,,,10649,,
,166,0.036708809435367584,10649,,
,166,,10687,0.03717958554625511,
,166,,10687,,0.03767897188663483
0.001,,,10688,,
0.001,,,10699,,
,167,0.038890182971954346,10699,,
0.001,,,10749,,
,167,0.037475503981113434,10749,,
,167,,10751,0.03721185401082039,
,167,,10751,,0.037481606006622314
0.001,,,10752,,
0.001,,,10799,,
,168,0.0368882492184639,10799,,
,168,,10815,0.038621921092271805,
,168,,10815,,0.03749198839068413
0.001,,,10816,,
0.001,,,10849,,
,169,0.035295311361551285,10849,,
,169,,10879,0.0369054414331913,
,169,,10879,,0.037233754992485046
0.001,,,10880,,
0.001,,,10899,,
,170,0.03861336037516594,10899,,
,170,,10943,0.03741971403360367,
,170,,10943,,0.03725648671388626
0.001,,,10944,,
0.001,,,10949,,
,171,0.03757840394973755,10949,,
0.001,,,10999,,
,171,0.037939704954624176,10999,,
,171,,11007,0.03750520199537277,
,171,,11007,,0.03733041509985924
0.001,,,11008,,
0.001,,,11049,,
,172,0.03563880920410156,11049,,
,172,,11071,0.036843713372945786,
,172,,11071,,0.03726698458194733
0.001,,,11072,,
0.001,,,11099,,
,173,0.03859800100326538,11099,,
,173,,11135,0.036504488438367844,
,173,,11135,,0.0369848795235157
0.001,,,11136,,
0.001,,,11149,,
,174,0.035441625863313675,11149,,
0.001,,,11199,,
,174,0.03601542487740517,11199,,
,174,,11199,0.03690704330801964,
,174,,11199,,0.03716651350259781
0.001,,,11200,,
0.001,,,11249,,
,175,0.039567019790410995,11249,,
,175,,11263,0.038259319961071014,
,175,,11263,,0.038306377828121185
0.001,,,11264,,
0.001,,,11299,,
,176,0.03820455074310303,11299,,
,176,,11327,0.03719824180006981,
,176,,11327,,0.037205666303634644
0.001,,,11328,,
0.001,,,11349,,
,177,0.03781620413064957,11349,,
,177,,11391,0.037052348256111145,
,177,,11391,,0.03687525540590286
0.001,,,11392,,
0.001,,,11399,,
,178,0.03766629472374916,11399,,
0.001,,,11449,,
,178,0.0353613942861557,11449,,
,178,,11455,0.03689773753285408,
,178,,11455,,0.036772675812244415
0.001,,,11456,,
0.001,,,11499,,
,179,0.035691287368535995,11499,,
,179,,11519,0.036443158984184265,
,179,,11519,,0.036680933088064194
0.001,,,11520,,
0.001,,,11549,,
,180,0.036613933742046356,11549,,
,180,,11583,0.03814520314335823,
,180,,11583,,0.0370335690677166
0.001,,,11584,,
0.001,,,11599,,
,181,0.03755323961377144,11599,,
,181,,11647,0.037544891238212585,
,181,,11647,,0.03684864565730095
0.001,,,11648,,
0.001,,,11649,,
,182,0.03747357055544853,11649,,
0.001,,,11699,,
,182,0.037816122174263,11699,,
,182,,11711,0.0362500362098217,
,182,,11711,,0.03671419993042946
0.001,,,11712,,
0.001,,,11749,,
,183,0.036234524101018906,11749,,
,183,,11775,0.03683876246213913,
,183,,11775,,0.03675224632024765
0.001,,,11776,,
0.001,,,11799,,
,184,0.03601894527673721,11799,,
,184,,11839,0.03663478046655655,
,184,,11839,,0.03657475486397743
0.001,,,11840,,
0.001,,,11849,,
,185,0.034748226404190063,11849,,
0.001,,,11899,,
,185,0.037613239139318466,11899,,
,185,,11903,0.03609536960721016,
,185,,11903,,0.03640919178724289
0.001,,,11904,,
0.001,,,11949,,
,186,0.037572648376226425,11949,,
,186,,11967,0.036315616220235825,
,186,,11967,,0.036539025604724884
0.001,,,11968,,
0.001,,,11999,,
,187,0.0355038195848465,11999,,
,187,,12031,0.036093100905418396,
,187,,12031,,0.03628779202699661
0.001,,,12032,,
0.001,,,12049,,
,188,0.0374334417283535,12049,,
,188,,12095,0.03663379326462746,
,188,,12095,,0.0366593673825264
0.001,,,12096,,
0.001,,,12099,,
,189,0.035398174077272415,12099,,
0.001,,,12149,,
,189,0.037806786596775055,12149,,
,189,,12159,0.03660624474287033,
,189,,12159,,0.03644070029258728
0.001,,,12160,,
0.001,,,12199,,
,190,0.036847472190856934,12199,,
,190,,12223,0.03656046837568283,
,190,,12223,,0.0365472286939621
0.001,,,12224,,
0.001,,,12249,,
,191,0.03632276505231857,12249,,
,191,,12287,0.03583059087395668,
,191,,12287,,0.0361449234187603
0.001,,,12288,,
0.001,,,12299,,
,192,0.035708602517843246,12299,,
0.001,,,12349,,
,192,0.035989370197057724,12349,,
,192,,12351,0.03619656711816788,
,192,,12351,,0.03638763353228569
0.001,,,12352,,
0.001,,,12399,,
,193,0.036430489271879196,12399,,
,193,,12415,0.03580499067902565,
,193,,12415,,0.03671551123261452
0.001,,,12416,,
0.001,,,12449,,
,194,0.035595957189798355,12449,,
,194,,12479,0.03561672195792198,
,194,,12479,,0.035861555486917496
0.001,,,12480,,
0.001,,,12499,,
,195,0.0366661511361599,12499,,
,195,,12543,0.03584063798189163,
,195,,12543,,0.03610808029770851
0.001,,,12544,,
0.001,,,12549,,
,196,0.034346554428339005,12549,,
0.001,,,12599,,
,196,0.03491288051009178,12599,,
,196,,12607,0.0354866124689579,
,196,,12607,,0.0359187126159668
0.001,,,12608,,
0.001,,,12649,,
,197,0.037470243871212006,12649,,
,197,,12671,0.03573314845561981,
,197,,12671,,0.03557657077908516
0.001,,,12672,,
0.001,,,12699,,
,198,0.036795902997255325,12699,,
,198,,12735,0.03580302745103836,
,198,,12735,,0.03560956194996834
0.001,,,12736,,
0.001,,,12749,,
,199,0.03657418116927147,12749,,
0.001,,,12799,,
,199,0.03401738405227661,12799,,
,199,,12799,0.036028120666742325,
,199,,12799,,0.03622033819556236
0.001,,,12800,,
0.001,,,12849,,
,200,0.03495579585433006,12849,,
,200,,12863,0.03638728708028793,
,200,,12863,,0.03584364056587219
0.001,,,12864,,
0.001,,,12899,,
,201,0.035921692848205566,12899,,
,201,,12927,0.03534189239144325,
,201,,12927,,0.03585464134812355
0.001,,,12928,,
0.001,,,12949,,
,202,0.03488338738679886,12949,,
,202,,12991,0.03697569668292999,
,202,,12991,,0.035670168697834015
0.001,,,12992,,
0.001,,,12999,,
,203,0.03787783905863762,12999,,
0.001,,,13049,,
,203,0.035203903913497925,13049,,
,203,,13055,0.036047983914613724,
,203,,13055,,0.03564406931400299
0.001,,,13056,,
0.001,,,13099,,
,204,0.03567425161600113,13099,,
,204,,13119,0.0362781286239624,
,204,,13119,,0.03564419597387314
0.001,,,13120,,
0.001,,,13149,,
,205,0.03702050819993019,13149,,
,205,,13183,0.036223769187927246,
,205,,13183,,0.03601860627532005
0.001,,,13184,,
0.001,,,13199,,
,206,0.035345785319805145,13199,,
,206,,13247,0.03520984202623367,
,206,,13247,,0.03546057641506195
0.001,,,13248,,
0.001,,,13249,,
,207,0.03383030369877815,13249,,
0.001,,,13299,,
,207,0.03456590324640274,13299,,
,207,,13311,0.03479301556944847,
,207,,13311,,0.035093821585178375
0.001,,,13312,,
0.001,,,13349,,
,208,0.035105906426906586,13349,,
,208,,13375,0.034942626953125,
,208,,13375,,0.03518516942858696
0.001,,,13376,,
0.001,,,13399,,
,209,0.0354120135307312,13399,,
,209,,13439,0.03549611195921898,
,209,,13439,,0.0353640578687191
0.001,,,13440,,
0.001,,,13449,,
,210,0.03768879547715187,13449,,
0.001,,,13499,,
,210,0.03550040349364281,13499,,
,210,,13503,0.03504154831171036,
,210,,13503,,0.036132607609033585
0.001,,,13504,,
0.001,,,13549,,
,211,0.03505697846412659,13549,,
,211,,13567,0.03586965426802635,
,211,,13567,,0.035163555294275284
0.001,,,13568,,
0.001,,,13599,,
,212,0.03222145512700081,13599,,
,212,,13631,0.03484120965003967,
,212,,13631,,0.03516296297311783
0.001,,,13632,,
0.001,,,13649,,
,213,0.03370777890086174,13649,,
,213,,13695,0.03707093372941017,
,213,,13695,,0.03491063788533211
0.001,,,13696,,
0.001,,,13699,,
,214,0.036709029227495193,13699,,
0.001,,,13749,,
,214,0.03646122291684151,13749,,
,214,,13759,0.03471895307302475,
,214,,13759,,0.03555380180478096
0.001,,,13760,,
0.001,,,13799,,
,215,0.03397956117987633,13799,,
,215,,13823,0.0348300039768219,
,215,,13823,,0.034767068922519684
0.001,,,13824,,
0.001,,,13849,,
,216,0.035667672753334045,13849,,
,216,,13887,0.03532906994223595,
,216,,13887,,0.03520646318793297
0.001,,,13888,,
0.001,,,13899,,
,217,0.034588225185871124,13899,,
0.001,,,13949,,
,217,0.0352756641805172,13949,,
,217,,13951,0.03448566794395447,
,217,,13951,,0.034852441400289536
0.001,,,13952,,
0.001,,,13999,,
,218,0.03617667034268379,13999,,
,218,,14015,0.034856028854846954,
,218,,14015,,0.03491242974996567
0.001,,,14016,,
0.001,,,14049,,
,219,0.03616538271307945,14049,,
,219,,14079,0.03428361564874649,
,219,,14079,,0.03502698987722397
0.001,,,14080,,
0.001,,,14099,,
,220,0.03567153960466385,14099,,
,220,,14143,0.03548774495720863,
,220,,14143,,0.035399261862039566
0.001,,,14144,,
0.001,,,14149,,
,221,0.03353097289800644,14149,,
0.001,,,14199,,
,221,0.03348573297262192,14199,,
,221,,14207,0.03416323661804199,
,221,,14207,,0.034502483904361725
0.001,,,14208,,
0.001,,,14249,,
,222,0.03644981235265732,14249,,
,222,,14271,0.03421442583203316,
,222,,14271,,0.0344059020280838
0.001,,,14272,,
0.001,,,14299,,
,223,0.035313352942466736,14299,,
,223,,14335,0.03403780609369278,
,223,,14335,,0.03442420810461044
0.001,,,14336,,
0.001,,,14349,,
,224,0.03419690206646919,14349,,
0.001,,,14399,,
,224,0.03421420976519585,14399,,
,224,,14399,0.03438578173518181,
,224,,14399,,0.034586504101753235
0.001,,,14400,,
0.001,,,14449,,
,225,0.03572384640574455,14449,,
,225,,14463,0.03422173485159874,
,225,,14463,,0.03457939997315407
0.001,,,14464,,
0.001,,,14499,,
,226,0.03493145480751991,14499,,
,226,,14527,0.03531047701835632,
,226,,14527,,0.03472185879945755
0.001,,,14528,,
0.001,,,14549,,
,227,0.036307062953710556,14549,,
,227,,14591,0.03403664380311966,
,227,,14591,,0.03499952703714371
0.001,,,14592,,
0.001,,,14599,,
,228,0.034071922302246094,14599,,
0.001,,,14649,,
,228,0.034529294818639755,14649,,
,228,,14655,0.03388471528887749,
,228,,14655,,0.034622080624103546
0.001,,,14656,,
0.001,,,14699,,
,229,0.034617576748132706,14699,,
,229,,14719,0.03476701304316521,
,229,,14719,,0.03434928506612778
0.001,,,14720,,
0.001,,,14749,,
,230,0.032957177609205246,14749,,
,230,,14783,0.03412171080708504,
,230,,14783,,0.03447714075446129
0.001,,,14784,,
0.001,,,14799,,
,231,0.03463660553097725,14799,,
,231,,14847,0.03385474160313606,
,231,,14847,,0.034259747713804245
0.001,,,14848,,
0.001,,,14849,,
,232,0.03438563644886017,14849,,
0.001,,,14899,,
,232,0.03401839733123779,14899,,
,232,,14911,0.03375740721821785,
,232,,14911,,0.03412669152021408
0.001,,,14912,,
0.001,,,14949,,
,233,0.03494064137339592,14949,,
,233,,14975,0.03552492707967758,
,233,,14975,,0.03433913365006447
0.001,,,14976,,
0.001,,,14999,,
,234,0.03252607583999634,14999,,
,234,,15039,0.03385525569319725,
,234,,15039,,0.034178584814071655
0.001,,,15040,,
0.001,,,15049,,
,235,0.03392856940627098,15049,,
0.001,,,15099,,
,235,0.033478740602731705,15099,,
,235,,15103,0.033873043954372406,
,235,,15103,,0.03426562249660492
0.001,,,15104,,
0.001,,,15149,,
,236,0.03716428205370903,15149,,
,236,,15167,0.033762793987989426,
,236,,15167,,0.03430693596601486
0.001,,,15168,,
0.001,,,15199,,
,237,0.033205725252628326,15199,,
,237,,15231,0.03681587427854538,
,237,,15231,,0.034270722419023514
0.001,,,15232,,
0.001,,,15249,,
,238,0.03363220766186714,15249,,
,238,,15295,0.0340777263045311,
,238,,15295,,0.0343075729906559
0.001,,,15296,,
0.001,,,15299,,
,239,0.033891044557094574,15299,,
0.001,,,15349,,
,239,0.03444000333547592,15349,,
,239,,15359,0.033601097762584686,
,239,,15359,,0.034038662910461426
0.001,,,15360,,
0.001,,,15399,,
,240,0.03259468078613281,15399,,
,240,,15423,0.033430878072977066,
,240,,15423,,0.034027453511953354
0.001,,,15424,,
0.001,,,15449,,
,241,0.0351286455988884,15449,,
,241,,15487,0.03450769558548927,
,241,,15487,,0.03401026874780655
0.001,,,15488,,
0.001,,,15499,,
,242,0.034241534769535065,15499,,
0.001,,,15549,,
,242,0.03373716026544571,15549,,
,242,,15551,0.033569514751434326,
,242,,15551,,0.03442778065800667
0.001,,,15552,,
0.001,,,15599,,
,243,0.03256078436970711,15599,,
,243,,15615,0.03407669812440872,
,243,,15615,,0.03381774201989174
0.001,,,15616,,
0.001,,,15649,,
,244,0.03522737696766853,15649,,
,244,,15679,0.033705584704875946,
,244,,15679,,0.0340302549302578
0.001,,,15680,,
0.001,,,15699,,
,245,0.035857416689395905,15699,,
,245,,15743,0.03393255174160004,
,245,,15743,,0.033810313791036606
0.001,,,15744,,
0.001,,,15749,,
,246,0.03297237679362297,15749,,
0.001,,,15799,,
,246,0.03226838633418083,15799,,
,246,,15807,0.0335540696978569,
,246,,15807,,0.03386165201663971
0.001,,,15808,,
0.001,,,15849,,
,247,0.03400678187608719,15849,,
,247,,15871,0.033441055566072464,
,247,,15871,,0.03367488086223602
0.001,,,15872,,
0.001,,,15899,,
,248,0.03371749818325043,15899,,
,248,,15935,0.033380504697561264,
,248,,15935,,0.03366009145975113
0.001,,,15936,,
0.001,,,15949,,
,249,0.034543443471193314,15949,,
0.001,,,15999,,
,249,0.034287985414266586,15999,,
,249,,15999,0.03338611125946045,
,249,,15999,,0.03367723524570465
0.001,,,16000,,
0.001,,,16049,,
,250,0.03529532626271248,16049,,
,250,,16063,0.03340241312980652,
,250,,16063,,0.033995065838098526
0.001,,,16064,,
0.001,,,16099,,
,251,0.03246452286839485,16099,,
,251,,16127,0.03414811193943024,
,251,,16127,,0.033979691565036774
0.001,,,16128,,
0.001,,,16149,,
,252,0.030722517520189285,16149,,
,252,,16191,0.03317907452583313,
,252,,16191,,0.033861804753541946
0.001,,,16192,,
0.001,,,16199,,
,253,0.035013437271118164,16199,,
0.001,,,16249,,
,253,0.03499090299010277,16249,,
,253,,16255,0.03391801938414574,
,253,,16255,,0.034345660358667374
0.001,,,16256,,
0.001,,,16299,,
,254,0.035226453095674515,16299,,
,254,,16319,0.033573273569345474,
,254,,16319,,0.03373083472251892
0.001,,,16320,,
0.001,,,16349,,
,255,0.0328865721821785,16349,,
,255,,16383,0.03308245167136192,
,255,,16383,,0.033496785908937454
0.001,,,16384,,
0.001,,,16399,,
,256,0.03395424410700798,16399,,
,256,,16447,0.033309485763311386,
,256,,16447,,0.03356527164578438
0.001,,,16448,,
0.001,,,16449,,
,257,0.034581258893013,16449,,
0.001,,,16499,,
,257,0.03473050892353058,16499,,
,257,,16511,0.03307706490159035,
,257,,16511,,0.03343695029616356
0.001,,,16512,,
0.001,,,16549,,
,258,0.03331312909722328,16549,,
,258,,16575,0.03291979804635048,
,258,,16575,,0.03356282785534859
0.001,,,16576,,
0.001,,,16599,,
,259,0.03289740905165672,16599,,
,259,,16639,0.03299494832754135,
,259,,16639,,0.03329191356897354
0.001,,,16640,,
0.001,,,16649,,
,260,0.033757030963897705,16649,,
0.001,,,16699,,
,260,0.03264942020177841,16699,,
,260,,16703,0.03366873785853386,
,260,,16703,,0.03324214369058609
0.001,,,16704,,
0.001,,,16749,,
,261,0.03310041502118111,16749,,
,261,,16767,0.033616624772548676,
,261,,16767,,0.033694811165332794
0.001,,,16768,,
0.001,,,16799,,
,262,0.033534202724695206,16799,,
,262,,16831,0.03292689844965935,
,262,,16831,,0.03398295119404793
0.001,,,16832,,
0.001,,,16849,,
,263,0.0323856920003891,16849,,
,263,,16895,0.033084310591220856,
,263,,16895,,0.033508095890283585
0.001,,,16896,,
0.001,,,16899,,
,264,0.033956129103899,16899,,
0.001,,,16949,,
,264,0.03623006120324135,16949,,
,264,,16959,0.033450160175561905,
,264,,16959,,0.03347581997513771
0.001,,,16960,,
0.001,,,16999,,
,265,0.03338097408413887,16999,,
,265,,17023,0.032943423837423325,
,265,,17023,,0.0332673154771328
0.001,,,17024,,
0.001,,,17049,,
,266,0.03315811604261398,17049,,
,266,,17087,0.03515662997961044,
,266,,17087,,0.033377669751644135
0.001,,,17088,,
0.001,,,17099,,
,267,0.035646308213472366,17099,,
0.001,,,17149,,
,267,0.03325507044792175,17149,,
,267,,17151,0.033228788524866104,
,267,,17151,,0.033516138792037964
0.001,,,17152,,
0.001,,,17199,,
,268,0.0339520163834095,17199,,
,268,,17215,0.03312822803854942,
,268,,17215,,0.03359733149409294
0.001,,,17216,,
0.001,,,17249,,
,269,0.03370874747633934,17249,,
,269,,17279,0.032687995582818985,
,269,,17279,,0.03319476172327995
0.001,,,17280,,
0.001,,,17299,,
,270,0.03268088772892952,17299,,
,270,,17343,0.03327173367142677,
,270,,17343,,0.03300623968243599
0.001,,,17344,,
0.001,,,17349,,
,271,0.03287440165877342,17349,,
0.001,,,17399,,
,271,0.03230990469455719,17399,,
,271,,17407,0.033266957849264145,
,271,,17407,,0.033209796994924545
0.001,,,17408,,
0.001,,,17449,,
,272,0.034026842564344406,17449,,
,272,,17471,0.03344905748963356,
,272,,17471,,0.033393725752830505
0.001,,,17472,,
0.001,,,17499,,
,273,0.03254202753305435,17499,,
,273,,17535,0.03333815187215805,
,273,,17535,,0.03322776034474373
0.001,,,17536,,
0.001,,,17549,,
,274,0.03503672778606415,17549,,
0.001,,,17599,,
,274,0.03279135376214981,17599,,
,274,,17599,0.03302029147744179,
,274,,17599,,0.03366890549659729
0.001,,,17600,,
0.001,,,17649,,
,275,0.03469129279255867,17649,,
,275,,17663,0.03300366550683975,
,275,,17663,,0.03299389407038689
0.001,,,17664,,
0.001,,,17699,,
,276,0.03207169845700264,17699,,
,276,,17727,0.035052768886089325,
,276,,17727,,0.03332360461354256
0.001,,,17728,,
0.001,,,17749,,
,277,0.03341502696275711,17749,,
,277,,17791,0.033144887536764145,
,277,,17791,,0.03304973244667053
0.001,,,17792,,
0.001,,,17799,,
,278,0.03233625739812851,17799,,
0.001,,,17849,,
,278,0.03474072739481926,17849,,
,278,,17855,0.03395289555191994,
,278,,17855,,0.0330226793885231
0.001,,,17856,,
0.001,,,17899,,
,279,0.03485124558210373,17899,,
,279,,17919,0.03272194787859917,
,279,,17919,,0.033128153532743454
0.001,,,17920,,
0.001,,,17949,,
,280,0.03150283917784691,17949,,
,280,,17983,0.03245493769645691,
,280,,17983,,0.032747745513916016
0.001,,,17984,,
0.001,,,17999,,
,281,0.03200727701187134,17999,,
,281,,18047,0.033375948667526245,
,281,,18047,,0.03312119096517563
0.001,,,18048,,
0.001,,,18049,,
,282,0.03424496576189995,18049,,
0.001,,,18099,,
,282,0.034145060926675797,18099,,
,282,,18111,0.032315172255039215,
,282,,18111,,0.03304346278309822
0.001,,,18112,,
0.001,,,18149,,
,283,0.033451687544584274,18149,,
,283,,18175,0.033967651426792145,
,283,,18175,,0.033425237983465195
0.001,,,18176,,
0.001,,,18199,,
,284,0.033229805529117584,18199,,
,284,,18239,0.03261829912662506,
,284,,18239,,0.032910704612731934
0.001,,,18240,,
0.001,,,18249,,
,285,0.03406121954321861,18249,,
0.001,,,18299,,
,285,0.031178046017885208,18299,,
,285,,18303,0.034013886004686356,
,285,,18303,,0.0328298881649971
0.001,,,18304,,
0.001,,,18349,,
,286,0.03279570862650871,18349,,
,286,,18367,0.032981302589178085,
,286,,18367,,0.03282687067985535
0.001,,,18368,,
0.001,,,18399,,
,287,0.03267531096935272,18399,,
,287,,18431,0.03367945924401283,
,287,,18431,,0.03292670100927353
0.001,,,18432,,
0.001,,,18449,,
,288,0.031721968203783035,18449,,
,288,,18495,0.032698653638362885,
,288,,18495,,0.0330820195376873
0.001,,,18496,,
0.001,,,18499,,
,289,0.03257220238447189,18499,,
0.001,,,18549,,
,289,0.032948583364486694,18549,,
,289,,18559,0.034811727702617645,
,289,,18559,,0.03275961056351662
0.001,,,18560,,
0.001,,,18599,,
,290,0.03448823466897011,18599,,
,290,,18623,0.032330531626939774,
,290,,18623,,0.03421388566493988
0.001,,,18624,,
0.001,,,18649,,
,291,0.03180018067359924,18649,,
,291,,18687,0.03494107723236084,
,291,,18687,,0.032607365399599075
0.001,,,18688,,
0.001,,,18699,,
,292,0.03368033096194267,18699,,
0.001,,,18749,,
,292,0.033354297280311584,18749,,
,292,,18751,0.03223471716046333,
,292,,18751,,0.03309382125735283
0.001,,,18752,,
0.001,,,18799,,
,293,0.03322247415781021,18799,,
,293,,18815,0.03269604593515396,
,293,,18815,,0.03276584669947624
0.001,,,18816,,
0.001,,,18849,,
,294,0.03197537735104561,18849,,
,294,,18879,0.03306568041443825,
,294,,18879,,0.03271234408020973
0.001,,,18880,,
0.001,,,18899,,
,295,0.032702572643756866,18899,,
,295,,18943,0.032137561589479446,
,295,,18943,,0.03247244283556938
0.001,,,18944,,
0.001,,,18949,,
,296,0.030505245551466942,18949,,
0.001,,,18999,,
,296,0.03143398463726044,18999,,
,296,,19007,0.03281350061297417,
,296,,19007,,0.032338712364435196
0.001,,,19008,,
0.001,,,19049,,
,297,0.03214447945356369,19049,,
,297,,19071,0.032069914042949677,
,297,,19071,,0.032801710069179535
0.001,,,19072,,
0.001,,,19099,,
,298,0.03318246081471443,19099,,
,298,,19135,0.032341279089450836,
,298,,19135,,0.0325707346200943
0.001,,,19136,,
0.001,,,19149,,
,299,0.0324086956679821,19149,,
0.001,,,19199,,
,299,0.03187033534049988,19199,,
,299,,19199,0.03310888260602951,
,299,,19199,,0.032738130539655685
0.001,,,19200,,
0.001,,,19249,,
,300,0.031171878799796104,19249,,
,300,,19263,0.032303255051374435,
,300,,19263,,0.03264152258634567
0.001,,,19264,,
0.001,,,19299,,
,301,0.03200574219226837,19299,,
,301,,19327,0.03495654836297035,
,301,,19327,,0.03245947137475014
0.001,,,19328,,
0.001,,,19349,,
,302,0.03395421802997589,19349,,
,302,,19391,0.03382785618305206,
,302,,19391,,0.033746521919965744
0.001,,,19392,,
0.001,,,19399,,
,303,0.03322551026940346,19399,,
0.001,,,19449,,
,303,0.03167949244379997,19449,,
,303,,19455,0.03288251906633377,
,303,,19455,,0.03264244645833969
0.001,,,19456,,
0.001,,,19499,,
,304,0.0315956175327301,19499,,
,304,,19519,0.03275822475552559,
,304,,19519,,0.03252946585416794
0.001,,,19520,,
0.001,,,19549,,
,305,0.0314808264374733,19549,,
,305,,19583,0.03223484009504318,
,305,,19583,,0.03224841505289078
0.001,,,19584,,
0.001,,,19599,,
,306,0.033016033470630646,19599,,
,306,,19647,0.03255169838666916,
,306,,19647,,0.03242470696568489
0.001,,,19648,,
0.001,,,19649,,
,307,0.031752023845911026,19649,,
0.001,,,19699,,
,307,0.03279690071940422,19699,,
,307,,19711,0.03362554684281349,
,307,,19711,,0.03223462775349617
0.001,,,19712,,
0.001,,,19749,,
,308,0.03255942463874817,19749,,
,308,,19775,0.03227294236421585,
,308,,19775,,0.032815128564834595
0.001,,,19776,,
0.001,,,19799,,
,309,0.032039396464824677,19799,,
,309,,19839,0.03359058499336243,
,309,,19839,,0.03255857527256012
0.001,,,19840,,
0.001,,,19849,,
,310,0.03295626491308212,19849,,
0.001,,,19899,,
,310,0.032748833298683167,19899,,
,310,,19903,0.0333765372633934,
,310,,19903,,0.03252666816115379
0.001,,,19904,,
0.001,,,19949,,
,311,0.033181898295879364,19949,,
,311,,19967,0.032094553112983704,
,311,,19967,,0.03266647458076477
0.001,,,19968,,
0.001,,,19999,,
,312,0.032412245869636536,19999,,
,312,,20031,0.033445313572883606,
,312,,20031,,0.032552413642406464
0.001,,,20032,,
0.001,,,20049,,
,313,0.03165759891271591,20049,,
,313,,20095,0.031913161277770996,
,313,,20095,,0.03239905834197998
0.001,,,20096,,
0.001,,,20099,,
,314,0.0320897102355957,20099,,
0.001,,,20149,,
,314,0.03150299936532974,20149,,
,314,,20159,0.032120201736688614,
,314,,20159,,0.0324549600481987
0.001,,,20160,,
0.001,,,20199,,
,315,0.032654643058776855,20199,,
,315,,20223,0.03299419954419136,
,315,,20223,,0.032278385013341904
0.001,,,20224,,
0.001,,,20249,,
,316,0.03363295644521713,20249,,
,316,,20287,0.034233640879392624,
,316,,20287,,0.03318038955330849
0.001,,,20288,,
0.001,,,20299,,
,317,0.03310280293226242,20299,,
0.001,,,20349,,
,317,0.03161647915840149,20349,,
,317,,20351,0.03190189599990845,
,317,,20351,,0.03285808488726616
0.001,,,20352,,
0.001,,,20399,,
,318,0.03228442370891571,20399,,
,318,,20415,0.03285388648509979,
,318,,20415,,0.032112687826156616
0.001,,,20416,,
0.001,,,20449,,
,319,0.03258959949016571,20449,,
,319,,20479,0.033360742032527924,
,319,,20479,,0.032522156834602356
0.001,,,20480,,
0.001,,,20499,,
,320,0.03357648104429245,20499,,
,320,,20543,0.03198392689228058,
,320,,20543,,0.032904066145420074
0.001,,,20544,,
0.001,,,20549,,
,321,0.031202413141727448,20549,,
0.001,,,20599,,
,321,0.030561916530132294,20599,,
,321,,20607,0.03236487880349159,
,321,,20607,,0.03217248618602753
0.001,,,20608,,
0.001,,,20649,,
,322,0.03344295918941498,20649,,
,322,,20671,0.03177063167095184,
,322,,20671,,0.03211481124162674
0.001,,,20672,,
0.001,,,20699,,
,323,0.032368194311857224,20699,,
,323,,20735,0.03205869346857071,
,323,,20735,,0.03204740583896637
0.001,,,20736,,
0.001,,,20749,,
,324,0.031132251024246216,20749,,
0.001,,,20799,,
,324,0.032968681305646896,20799,,
,324,,20799,0.03268980607390404,
,324,,20799,,0.03239663317799568
0.001,,,20800,,
0.001,,,20849,,
,325,0.0321396067738533,20849,,
,325,,20863,0.031666796654462814,
,325,,20863,,0.03232020139694214
0.001,,,20864,,
0.001,,,20899,,
,326,0.032979533076286316,20899,,
,326,,20927,0.0318349227309227,
,326,,20927,,0.032223764806985855
0.001,,,20928,,
0.001,,,20949,,
,327,0.032644275575876236,20949,,
,327,,20991,0.03187306225299835,
,327,,20991,,0.032025955617427826
0.001,,,20992,,
0.001,,,20999,,
,328,0.03238557651638985,20999,,
0.001,,,21049,,
,328,0.03168262168765068,21049,,
,328,,21055,0.031965505331754684,
,328,,21055,,0.03208865597844124
0.001,,,21056,,
0.001,,,21099,,
,329,0.03218927979469299,21099,,
,329,,21119,0.0319739505648613,
,329,,21119,,0.03183014318346977
0.001,,,21120,,
0.001,,,21149,,
,330,0.031481172889471054,21149,,
,330,,21183,0.03202523663640022,
,330,,21183,,0.03209520876407623
0.001,,,21184,,
0.001,,,21199,,
,331,0.03146790340542793,21199,,
,331,,21247,0.031916793435811996,
,331,,21247,,0.03192989155650139
0.001,,,21248,,
0.001,,,21249,,
,332,0.03319106996059418,21249,,
0.001,,,21299,,
,332,0.03145487233996391,21299,,
,332,,21311,0.03185639902949333,
,332,,21311,,0.032259393483400345
0.001,,,21312,,
0.001,,,21349,,
,333,0.03133772686123848,21349,,
,333,,21375,0.031703170388936996,
,333,,21375,,0.03205143287777901
0.001,,,21376,,
0.001,,,21399,,
,334,0.03205706924200058,21399,,
,334,,21439,0.031739991158246994,
,334,,21439,,0.03248607739806175
0.001,,,21440,,
0.001,,,21449,,
,335,0.032289739698171616,21449,,
0.001,,,21499,,
,335,0.031981952488422394,21499,,
,335,,21503,0.03199079632759094,
,335,,21503,,0.032153476029634476
0.001,,,21504,,
0.001,,,21549,,
,336,0.03169017657637596,21549,,
,336,,21567,0.03262258693575859,
,336,,21567,,0.0322677418589592
0.001,,,21568,,
0.001,,,21599,,
,337,0.03177401423454285,21599,,
,337,,21631,0.031977247446775436,
,337,,21631,,0.03198114410042763
0.001,,,21632,,
0.001,,,21649,,
,338,0.03355932980775833,21649,,
,338,,21695,0.03192884474992752,
,338,,21695,,0.03222659230232239
0.001,,,21696,,
0.001,,,21699,,
,339,0.03133273124694824,21699,,
0.001,,,21749,,
,339,0.03227704018354416,21749,,
,339,,21759,0.032396167516708374,
,339,,21759,,0.03176093474030495
0.001,,,21760,,
0.001,,,21799,,
,340,0.03265275061130524,21799,,
,340,,21823,0.03161192685365677,
,340,,21823,,0.03184058144688606
0.001,,,21824,,
0.001,,,21849,,
,341,0.034238796681165695,21849,,
,341,,21887,0.03192920610308647,
,341,,21887,,0.031923163682222366
0.001,,,21888,,
0.001,,,21899,,
,342,0.03284212946891785,21899,,
0.001,,,21949,,
,342,0.03233233839273453,21949,,
,342,,21951,0.031647562980651855,
,342,,21951,,0.032232314348220825
0.001,,,21952,,
0.001,,,21999,,
,343,0.03326323628425598,21999,,
,343,,22015,0.03225737810134888,
,343,,22015,,0.03210830315947533
0.001,,,22016,,
0.001,,,22049,,
,344,0.032426897436380386,22049,,
,344,,22079,0.03173375129699707,
,344,,22079,,0.03198635205626488
0.001,,,22080,,
0.001,,,22099,,
,345,0.031668901443481445,22099,,
,345,,22143,0.03210582584142685,
,345,,22143,,0.03190704807639122
0.001,,,22144,,
0.001,,,22149,,
,346,0.03175944834947586,22149,,
0.001,,,22199,,
,346,0.03293593227863312,22199,,
,346,,22207,0.033135052770376205,
,346,,22207,,0.03190218284726143
0.001,,,22208,,
0.001,,,22249,,
,347,0.03201598301529884,22249,,
,347,,22271,0.03206145763397217,
,347,,22271,,0.03193221241235733
0.001,,,22272,,
0.001,,,22299,,
,348,0.03344704210758209,22299,,
,348,,22335,0.031681254506111145,
,348,,22335,,0.0324447900056839
0.001,,,22336,,
0.001,,,22349,,
,349,0.03142901882529259,22349,,
0.001,,,22399,,
,349,0.030027268454432487,22399,,
,349,,22399,0.031668007373809814,
,349,,22399,,0.03207429125905037
0.001,,,22400,,
0.001,,,22449,,
,350,0.03345198929309845,22449,,
,350,,22463,0.03265446051955223,
,350,,22463,,0.03283724561333656
0.001,,,22464,,
0.001,,,22499,,
,351,0.03297427296638489,22499,,
,351,,22527,0.03234673663973808,
,351,,22527,,0.03258444368839264
0.001,,,22528,,
0.001,,,22549,,
,352,0.032763514667749405,22549,,
,352,,22591,0.03154560551047325,
,352,,22591,,0.03185759857296944
0.001,,,22592,,
0.001,,,22599,,
,353,0.03344220668077469,22599,,
0.001,,,22649,,
,353,0.03148925304412842,22649,,
,353,,22655,0.03162563219666481,
,353,,22655,,0.03202177956700325
0.001,,,22656,,
0.001,,,22699,,
,354,0.033060476183891296,22699,,
,354,,22719,0.031385503709316254,
,354,,22719,,0.03197784349322319
0.001,,,22720,,
0.001,,,22749,,
,355,0.0313725620508194,22749,,
,355,,22783,0.031805213540792465,
,355,,22783,,0.031717292964458466
0.001,,,22784,,
0.001,,,22799,,
,356,0.032522473484277725,22799,,
,356,,22847,0.03177953511476517,
,356,,22847,,0.03140803799033165
0.001,,,22848,,
0.001,,,22849,,
,357,0.03198100998997688,22849,,
0.001,,,22899,,
,357,0.0322464220225811,22899,,
,357,,22911,0.03151795640587807,
,357,,22911,,0.03165175020694733
0.001,,,22912,,
0.001,,,22949,,
,358,0.03128863498568535,22949,,
,358,,22975,0.03133004531264305,
,358,,22975,,0.03163499757647514
0.001,,,22976,,
0.001,,,22999,,
,359,0.0328800305724144,22999,,
,359,,23039,0.03241478651762009,
,359,,23039,,0.03174244984984398
0.001,,,23040,,
0.001,,,23049,,
,360,0.03185680881142616,23049,,
0.001,,,23099,,
,360,0.03039763867855072,23099,,
,360,,23103,0.03126346319913864,
,360,,23103,,0.03161337226629257
0.001,,,23104,,
0.001,,,23149,,
,361,0.030377840623259544,23149,,
,361,,23167,0.031627412885427475,
,361,,23167,,0.031725578010082245
0.001,,,23168,,
0.001,,,23199,,
,362,0.03227858617901802,23199,,
,362,,23231,0.03204801306128502,
,362,,23231,,0.031651630997657776
0.001,,,23232,,
0.001,,,23249,,
,363,0.03207007795572281,23249,,
,363,,23295,0.03123917244374752,
,363,,23295,,0.03192955628037453
0.001,,,23296,,
0.001,,,23299,,
,364,0.0307366531342268,23299,,
0.001,,,23349,,
,364,0.03125017508864403,23349,,
,364,,23359,0.031630951911211014,
,364,,23359,,0.0319414921104908
0.001,,,23360,,
0.001,,,23399,,
,365,0.03055749274790287,23399,,
,365,,23423,0.0314137302339077,
,365,,23423,,0.031619682908058167
0.001,,,23424,,
0.001,,,23449,,
,366,0.032186832278966904,23449,,
,366,,23487,0.03135915845632553,
,366,,23487,,0.0317620150744915
0.001,,,23488,,
0.001,,,23499,,
,367,0.030886929482221603,23499,,
0.001,,,23549,,
,367,0.0312991663813591,23549,,
,367,,23551,0.03140091150999069,
,367,,23551,,0.03147197887301445
0.001,,,23552,,
0.001,,,23599,,
,368,0.03165041655302048,23599,,
,368,,23615,0.032509658485651016,
,368,,23615,,0.03154126554727554
0.001,,,23616,,
0.001,,,23649,,
,369,0.031030582264065742,23649,,
,369,,23679,0.03178350627422333,
,369,,23679,,0.03179934620857239
0.001,,,23680,,
0.001,,,23699,,
,370,0.03223274275660515,23699,,
,370,,23743,0.03248613700270653,
,370,,23743,,0.031636010855436325
0.001,,,23744,,
0.001,,,23749,,
,371,0.03435371071100235,23749,,
0.001,,,23799,,
,371,0.030721047893166542,23799,,
,371,,23807,0.0318344309926033,
,371,,23807,,0.03192504867911339
0.001,,,23808,,
0.001,,,23849,,
,372,0.031141676008701324,23849,,
,372,,23871,0.031768638640642166,
,372,,23871,,0.03169761225581169
0.001,,,23872,,
0.001,,,23899,,
,373,0.030492980033159256,23899,,
,373,,23935,0.03125283494591713,
,373,,23935,,0.03155007213354111
0.001,,,23936,,
0.001,,,23949,,
,374,0.03029266558587551,23949,,
0.001,,,23999,,
,374,0.03222915157675743,23999,,
,374,,23999,0.031279224902391434,
,374,,23999,,0.03177117928862572
0.001,,,24000,,
0.001,,,24049,,
,375,0.030059482902288437,24049,,
,375,,24063,0.031633056700229645,
,375,,24063,,0.031975358724594116
0.001,,,24064,,
0.001,,,24099,,
,376,0.030408427119255066,24099,,
,376,,24127,0.03223686292767525,
,376,,24127,,0.03173496946692467
0.001,,,24128,,
0.001,,,24149,,
,377,0.03214370086789131,24149,,
,377,,24191,0.03147674351930618,
,377,,24191,,0.031740184873342514
0.001,,,24192,,
0.001,,,24199,,
,378,0.03167228773236275,24199,,
0.001,,,24249,,
,378,0.03105926141142845,24249,,
,378,,24255,0.031206706538796425,
,378,,24255,,0.03161296248435974
0.001,,,24256,,
0.001,,,24299,,
,379,0.03115682676434517,24299,,
,379,,24319,0.03239793702960014,
,379,,24319,,0.03158244118094444
0.001,,,24320,,
0.001,,,24349,,
,380,0.030991284176707268,24349,,
,380,,24383,0.03122883290052414,
,380,,24383,,0.031702183187007904
0.001,,,24384,,
0.001,,,24399,,
,381,0.031764641404151917,24399,,
,381,,24447,0.03198057785630226,
,381,,24447,,0.03170408308506012
0.001,,,24448,,
0.001,,,24449,,
,382,0.032826900482177734,24449,,
0.001,,,24499,,
,382,0.03134192153811455,24499,,
,382,,24511,0.03274375572800636,
,382,,24511,,0.03187168017029762
0.001,,,24512,,
0.001,,,24549,,
,383,0.030894069001078606,24549,,
,383,,24575,0.031054729595780373,
,383,,24575,,0.0315018929541111
0.001,,,24576,,
0.001,,,24599,,
,384,0.03171178326010704,24599,,
,384,,24639,0.03148294612765312,
,384,,24639,,0.03173075243830681
0.001,,,24640,,
0.001,,,24649,,
,385,0.032895490527153015,24649,,
0.001,,,24699,,
,385,0.030929172411561012,24699,,
,385,,24703,0.03164912760257721,
,385,,24703,,0.031512729823589325
0.001,,,24704,,
0.001,,,24749,,
,386,0.03197483345866203,24749,,
,386,,24767,0.031366217881441116,
,386,,24767,,0.031402599066495895
0.001,,,24768,,
0.001,,,24799,,
,387,0.0316590741276741,24799,,
,387,,24831,0.03138502314686775,
,387,,24831,,0.03156956285238266
0.001,,,24832,,
0.001,,,24849,,
,388,0.03188423439860344,24849,,
,388,,24895,0.03203565254807472,
,388,,24895,,0.03171698749065399
0.001,,,24896,,
0.001,,,24899,,
,389,0.03148674964904785,24899,,
0.001,,,24949,,
,389,0.03153682127594948,24949,,
,389,,24959,0.031262680888175964,
,389,,24959,,0.03152129426598549
0.001,,,24960,,
0.001,,,24999,,
,390,0.02982552908360958,24999,,
,390,,25023,0.03169132024049759,
,390,,25023,,0.03144630417227745
0.001,,,25024,,
0.001,,,25049,,
,391,0.033303018659353256,25049,,
,391,,25087,0.031525321304798126,
,391,,25087,,0.03171205520629883
0.001,,,25088,,
0.001,,,25099,,
,392,0.03159589320421219,25099,,
0.001,,,25149,,
,392,0.03305869176983833,25149,,
,392,,25151,0.03367820382118225,
,392,,25151,,0.03167683258652687
0.001,,,25152,,
0.001,,,25199,,
,393,0.03043304570019245,25199,,
,393,,25215,0.03137090429663658,
,393,,25215,,0.0315948911011219
0.001,,,25216,,
0.001,,,25249,,
,394,0.030880652368068695,25249,,
,394,,25279,0.03215821832418442,
,394,,25279,,0.03134689852595329
0.001,,,25280,,
0.001,,,25299,,
,395,0.030610419809818268,25299,,
,395,,25343,0.031312838196754456,
,395,,25343,,0.0314256027340889
0.001,,,25344,,
0.001,,,25349,,
,396,0.03073989413678646,25349,,
0.001,,,25399,,
,396,0.032938335090875626,25399,,
,396,,25407,0.031051155179739,
,396,,25407,,0.03170164301991463
0.001,,,25408,,
0.001,,,25449,,
,397,0.03153238818049431,25449,,
,397,,25471,0.03097235970199108,
,397,,25471,,0.031103791669011116
0.001,,,25472,,
0.001,,,25499,,
,398,0.031647536903619766,25499,,
,398,,25535,0.03122778609395027,
,398,,25535,,0.03123379498720169
0.001,,,25536,,
0.001,,,25549,,
,399,0.031224325299263,25549,,
0.001,,,25599,,
,399,0.030366523191332817,25599,,
,399,,25599,0.03084416501224041,
,399,,25599,,0.031206710264086723
0.001,,,25600,,
0.001,,,25649,,
,400,0.031864408403635025,25649,,
,400,,25663,0.03133503347635269,
,400,,25663,,0.031211858615279198
0.001,,,25664,,
0.001,,,25699,,
,401,0.033401649445295334,25699,,
,401,,25727,0.03133747726678848,
,401,,25727,,0.03166871890425682
0.001,,,25728,,
0.001,,,25749,,
,402,0.03228863701224327,25749,,
,402,,25791,0.03162575513124466,
,402,,25791,,0.03143000602722168
0.001,,,25792,,
0.001,,,25799,,
,403,0.030531717464327812,25799,,
0.001,,,25849,,
,403,0.031961891800165176,25849,,
,403,,25855,0.0311177559196949,
,403,,25855,,0.03134629502892494
0.001,,,25856,,
0.001,,,25899,,
,404,0.030536923557519913,25899,,
,404,,25919,0.03178748860955238,
,404,,25919,,0.031153840944170952
0.001,,,25920,,
0.001,,,25949,,
,405,0.032087378203868866,25949,,
,405,,25983,0.03159034997224808,
,405,,25983,,0.03144489601254463
0.001,,,25984,,
0.001,,,25999,,
,406,0.03290354460477829,25999,,
,406,,26047,0.030993139371275902,
,406,,26047,,0.03134404495358467
0.001,,,26048,,
0.001,,,26049,,
,407,0.032241303473711014,26049,,
0.001,,,26099,,
,407,0.031078102067112923,26099,,
,407,,26111,0.03126682713627815,
,407,,26111,,0.03148375079035759
0.001,,,26112,,
0.001,,,26149,,
,408,0.031241511926054955,26149,,
,408,,26175,0.031139865517616272,
,408,,26175,,0.03155245631933212
0.001,,,26176,,
0.001,,,26199,,
,409,0.03063923865556717,26199,,
,409,,26239,0.03113267384469509,
,409,,26239,,0.03103756718337536
0.001,,,26240,,
0.001,,,26249,,
,410,0.0311886053532362,26249,,
0.001,,,26299,,
,410,0.03141580522060394,26299,,
,410,,26303,0.031022820621728897,
,410,,26303,,0.03156561031937599
0.001,,,26304,,
0.001,,,26349,,
,411,0.031484853476285934,26349,,
,411,,26367,0.03069062903523445,
,411,,26367,,0.031424038112163544
0.001,,,26368,,
0.001,,,26399,,
,412,0.030979430302977562,26399,,
,412,,26431,0.031193135306239128,
,412,,26431,,0.031235620379447937
0.001,,,26432,,
0.001,,,26449,,
,413,0.03078441508114338,26449,,
,413,,26495,0.03096979856491089,
,413,,26495,,0.03106176108121872
0.001,,,26496,,
0.001,,,26499,,
,414,0.030074384063482285,26499,,
0.001,,,26549,,
,414,0.032802462577819824,26549,,
,414,,26559,0.031803373247385025,
,414,,26559,,0.031313247978687286
0.001,,,26560,,
0.001,,,26599,,
,415,0.03244568407535553,26599,,
,415,,26623,0.03080890327692032,
,415,,26623,,0.03168603032827377
0.001,,,26624,,
0.001,,,26649,,
,416,0.030938446521759033,26649,,
,416,,26687,0.031134843826293945,
,416,,26687,,0.03122708573937416
0.001,,,26688,,
0.001,,,26699,,
,417,0.030764147639274597,26699,,
0.001,,,26749,,
,417,0.03191719576716423,26749,,
,417,,26751,0.0322672463953495,
,417,,26751,,0.031149180606007576
0.001,,,26752,,
0.001,,,26799,,
,418,0.030795542523264885,26799,,
,418,,26815,0.03134961426258087,
,418,,26815,,0.03153058513998985
0.001,,,26816,,
0.001,,,26849,,
,419,0.0324941948056221,26849,,
,419,,26879,0.030872264876961708,
,419,,26879,,0.03126005455851555
0.001,,,26880,,
0.001,,,26899,,
,420,0.030463146045804024,26899,,
,420,,26943,0.031100362539291382,
,420,,26943,,0.03126746043562889
0.001,,,26944,,
0.001,,,26949,,
,421,0.0309893898665905,26949,,
0.001,,,26999,,
,421,0.03151146322488785,26999,,
,421,,27007,0.030742337927222252,
,421,,27007,,0.03139344975352287
0.001,,,27008,,
0.001,,,27049,,
,422,0.031503546983003616,27049,,
,422,,27071,0.030677029862999916,
,422,,27071,,0.03145032748579979
0.001,,,27072,,
0.001,,,27099,,
,423,0.031691402196884155,27099,,
,423,,27135,0.031521957367658615,
,423,,27135,,0.03112528659403324
0.001,,,27136,,
0.001,,,27149,,
,424,0.03203093260526657,27149,,
0.001,,,27199,,
,424,0.031436920166015625,27199,,
,424,,27199,0.03076932020485401,
,424,,27199,,0.031197862699627876
0.001,,,27200,,
0.001,,,27249,,
,425,0.030948486179113388,27249,,
,425,,27263,0.030764097347855568,
,425,,27263,,0.031252045184373856
0.001,,,27264,,
0.001,,,27299,,
,426,0.031168736517429352,27299,,
,426,,27327,0.03084147348999977,
,426,,27327,,0.031685829162597656
0.001,,,27328,,
0.001,,,27349,,
,427,0.03147818148136139,27349,,
,427,,27391,0.031142229214310646,
,427,,27391,,0.031206659972667694
0.001,,,27392,,
0.001,,,27399,,
,428,0.03143385052680969,27399,,
0.001,,,27449,,
,428,0.03202839940786362,27449,,
,428,,27455,0.03261907398700714,
,428,,27455,,0.031271446496248245
0.001,,,27456,,
0.001,,,27499,,
,429,0.030692653730511665,27499,,
,429,,27519,0.030676594004034996,
,429,,27519,,0.03122732974588871
0.001,,,27520,,
0.001,,,27549,,
,430,0.03180592879652977,27549,,
,430,,27583,0.03208915516734123,
,430,,27583,,0.030997594818472862
0.001,,,27584,,
0.001,,,27599,,
,431,0.030826183035969734,27599,,
,431,,27647,0.03098163940012455,
,431,,27647,,0.030911201611161232
0.001,,,27648,,
0.001,,,27649,,
,432,0.029305292293429375,27649,,
0.001,,,27699,,
,432,0.03229079768061638,27699,,
,432,,27711,0.030890202149748802,
,432,,27711,,0.031285110861063004
0.001,,,27712,,
0.001,,,27749,,
,433,0.02941681072115898,27749,,
,433,,27775,0.03061915747821331,
,433,,27775,,0.030884407460689545
0.001,,,27776,,
0.001,,,27799,,
,434,0.030467702075839043,27799,,
,434,,27839,0.03050052747130394,
,434,,27839,,0.03099871799349785
0.001,,,27840,,
0.001,,,27849,,
,435,0.030936989933252335,27849,,
0.001,,,27899,,
,435,0.031467024236917496,27899,,
,435,,27903,0.03190965577960014,
,435,,27903,,0.030913030728697777
0.001,,,27904,,
0.001,,,27949,,
,436,0.031150439754128456,27949,,
,436,,27967,0.03241629898548126,
,436,,27967,,0.0312342569231987
0.001,,,27968,,
0.001,,,27999,,
,437,0.03127056732773781,27999,,
,437,,28031,0.030864780768752098,
,437,,28031,,0.03092288225889206
0.001,,,28032,,
0.001,,,28049,,
,438,0.031226543709635735,28049,,
,438,,28095,0.0312286838889122,
,438,,28095,,0.031350407749414444
0.001,,,28096,,
0.001,,,28099,,
,439,0.02980244718492031,28099,,
0.001,,,28149,,
,439,0.03065469115972519,28149,,
,439,,28159,0.03125584125518799,
,439,,28159,,0.03100067377090454
0.001,,,28160,,
0.001,,,28199,,
,440,0.030539341270923615,28199,,
,440,,28223,0.03077032044529915,
,440,,28223,,0.03093668818473816
0.001,,,28224,,
0.001,,,28249,,
,441,0.03224389627575874,28249,,
,441,,28287,0.031231589615345,
,441,,28287,,0.031296152621507645
0.001,,,28288,,
0.001,,,28299,,
,442,0.032962583005428314,28299,,
0.001,,,28349,,
,442,0.030446842312812805,28349,,
,442,,28351,0.03055325336754322,
,442,,28351,,0.031227441504597664
0.001,,,28352,,
0.001,,,28399,,
,443,0.031545937061309814,28399,,
,443,,28415,0.03115348145365715,
,443,,28415,,0.03116959147155285
0.001,,,28416,,
0.001,,,28449,,
,444,0.03341503441333771,28449,,
,444,,28479,0.03066704422235489,
,444,,28479,,0.03146975114941597
0.001,,,28480,,
0.001,,,28499,,
,445,0.03159017860889435,28499,,
,445,,28543,0.03264518082141876,
,445,,28543,,0.03086206503212452
0.001,,,28544,,
0.001,,,28549,,
,446,0.03116719052195549,28549,,
0.001,,,28599,,
,446,0.03134553134441376,28599,,
,446,,28607,0.030962398275732994,
,446,,28607,,0.031114602461457253
0.001,,,28608,,
0.001,,,28649,,
,447,0.031076207756996155,28649,,
,447,,28671,0.031227242201566696,
,447,,28671,,0.031072884798049927
0.001,,,28672,,
0.001,,,28699,,
,448,0.03080708347260952,28699,,
,448,,28735,0.03049725666642189,
,448,,28735,,0.031052475795149803
0.001,,,28736,,
0.001,,,28749,,
,449,0.030240507796406746,28749,,
0.001,,,28799,,
,449,0.031174954026937485,28799,,
,449,,28799,0.030652426183223724,
,449,,28799,,0.03095410205423832
0.001,,,28800,,
0.001,,,28849,,
,450,0.03209538012742996,28849,,
,450,,28863,0.030499542132019997,
,450,,28863,,0.030964959412813187
0.001,,,28864,,
0.001,,,28899,,
,451,0.029300713911652565,28899,,
,451,,28927,0.031065328046679497,
,451,,28927,,0.031041216105222702
0.001,,,28928,,
0.001,,,28949,,
,452,0.03197544440627098,28949,,
,452,,28991,0.030498452484607697,
,452,,28991,,0.031143493950366974
0.001,,,28992,,
0.001,,,28999,,
,453,0.02981134131550789,28999,,
0.001,,,29049,,
,453,0.03053240478038788,29049,,
,453,,29055,0.0309098269790411,
,453,,29055,,0.03122176043689251
0.001,,,29056,,
0.001,,,29099,,
,454,0.03037635236978531,29099,,
,454,,29119,0.030846811830997467,
,454,,29119,,0.030770406126976013
0.001,,,29120,,
0.001,,,29149,,
,455,0.03257153928279877,29149,,
,455,,29183,0.030493516474962234,
,455,,29183,,0.031037572771310806
0.001,,,29184,,
0.001,,,29199,,
,456,0.031560350209474564,29199,,
,456,,29247,0.030512290075421333,
,456,,29247,,0.030949531123042107
0.001,,,29248,,
0.001,,,29249,,
,457,0.031093062832951546,29249,,
0.001,,,29299,,
,457,0.030717739835381508,29299,,
,457,,29311,0.030924545601010323,
,457,,29311,,0.03090599738061428
0.001,,,29312,,
0.001,,,29349,,
,458,0.030986515805125237,29349,,
,458,,29375,0.03097180277109146,
,458,,29375,,0.03099699132144451
0.001,,,29376,,
0.001,,,29399,,
,459,0.030132653191685677,29399,,
,459,,29439,0.032204773277044296,
,459,,29439,,0.030971242114901543
0.001,,,29440,,
0.001,,,29449,,
,460,0.033370491117239,29449,,
0.001,,,29499,,
,460,0.031021714210510254,29499,,
,460,,29503,0.031364213675260544,
,460,,29503,,0.031365133821964264
0.001,,,29504,,
0.001,,,29549,,
,461,0.030583219602704048,29549,,
,461,,29567,0.030560867860913277,
,461,,29567,,0.030815087258815765
0.001,,,29568,,
0.001,,,29599,,
,462,0.031996894627809525,29599,,
,462,,29631,0.030863743275403976,
,462,,29631,,0.030860714614391327
0.001,,,29632,,
0.001,,,29649,,
,463,0.03223872929811478,29649,,
,463,,29695,0.031416792422533035,
,463,,29695,,0.03082270734012127
0.001,,,29696,,
0.001,,,29699,,
,464,0.03237040340900421,29699,,
0.001,,,29749,,
,464,0.031783826649188995,29749,,
,464,,29759,0.03142453730106354,
,464,,29759,,0.03083411604166031
0.001,,,29760,,
0.001,,,29799,,
,465,0.02958172932267189,29799,,
,465,,29823,0.03031259961426258,
,465,,29823,,0.031380221247673035
0.001,,,29824,,
0.001,,,29849,,
,466,0.03014804609119892,29849,,
,466,,29887,0.030530337244272232,
,466,,29887,,0.030829880386590958
0.001,,,29888,,
0.001,,,29899,,
,467,0.02914118766784668,29899,,
0.001,,,29949,,
,467,0.030062487348914146,29949,,
,467,,29951,0.031003858894109726,
,467,,29951,,0.030755721032619476
0.001,,,29952,,
0.001,,,29999,,
,468,0.030684474855661392,29999,,
,468,,30015,0.03039294108748436,
,468,,30015,,0.030742673203349113
0.001,,,30016,,
0.001,,,30049,,
,469,0.030627653002738953,30049,,
,469,,30079,0.030589768663048744,
,469,,30079,,0.031090114265680313
0.001,,,30080,,
0.001,,,30099,,
,470,0.031002720817923546,30099,,
,470,,30143,0.030665645375847816,
,470,,30143,,0.030617212876677513
0.001,,,30144,,
0.001,,,30149,,
,471,0.03259074315428734,30149,,
0.001,,,30199,,
,471,0.030763980001211166,30199,,
,471,,30207,0.031079385429620743,
,471,,30207,,0.03113037906587124
0.001,,,30208,,
0.001,,,30249,,
,472,0.03208596259355545,30249,,
,472,,30271,0.031137704849243164,
,472,,30271,,0.031013155356049538
0.001,,,30272,,
0.001,,,30299,,
,473,0.02951900102198124,30299,,
,473,,30335,0.030538417398929596,
,473,,30335,,0.030983353033661842
0.001,,,30336,,
0.001,,,30349,,
,474,0.029473863542079926,30349,,
0.001,,,30399,,
,474,0.031207337975502014,30399,,
,474,,30399,0.03064112551510334,
,474,,30399,,0.030899155884981155
0.001,,,30400,,
0.001,,,30449,,
,475,0.030359195545315742,30449,,
,475,,30463,0.0310860276222229,
,475,,30463,,0.030799318104982376
0.001,,,30464,,
0.001,,,30499,,
,476,0.031267356127500534,30499,,
,476,,30527,0.03131696954369545,
,476,,30527,,0.03118622675538063
0.001,,,30528,,
0.001,,,30549,,
,477,0.03190653398633003,30549,,
,477,,30591,0.030856795608997345,
,477,,30591,,0.03076978772878647
0.001,,,30592,,
0.001,,,30599,,
,478,0.030612152069807053,30599,,
0.001,,,30649,,
,478,0.030587878078222275,30649,,
,478,,30655,0.030437704175710678,
,478,,30655,,0.030693497508764267
0.001,,,30656,,
0.001,,,30699,,
,479,0.03228571265935898,30699,,
,479,,30719,0.030289528891444206,
,479,,30719,,0.030696725472807884
0.001,,,30720,,
0.001,,,30749,,
,480,0.030605940148234367,30749,,
,480,,30783,0.030710380524396896,
,480,,30783,,0.030738886445760727
0.001,,,30784,,
0.001,,,30799,,
,481,0.031292445957660675,30799,,
,481,,30847,0.03036288172006607,
,481,,30847,,0.030867788940668106
0.001,,,30848,,
0.001,,,30849,,
,482,0.029623733833432198,30849,,
0.001,,,30899,,
,482,0.031403448432683945,30899,,
,482,,30911,0.030511263757944107,
,482,,30911,,0.030640054494142532
0.001,,,30912,,
0.001,,,30949,,
,483,0.030783705413341522,30949,,
,483,,30975,0.030273357406258583,
,483,,30975,,0.03086390160024166
0.001,,,30976,,
0.001,,,30999,,
,484,0.030812377110123634,30999,,
,484,,31039,0.030356036499142647,
,484,,31039,,0.03071124665439129
0.001,,,31040,,
0.001,,,31049,,
,485,0.030619962140917778,31049,,
0.001,,,31099,,
,485,0.030326468870043755,31099,,
,485,,31103,0.032291047275066376,
,485,,31103,,0.030966274440288544
0.001,,,31104,,
0.001,,,31149,,
,486,0.03384333848953247,31149,,
,486,,31167,0.03083694353699684,
,486,,31167,,0.031324997544288635
0.001,,,31168,,
0.001,,,31199,,
,487,0.02882099524140358,31199,,
,487,,31231,0.030375512316823006,
,487,,31231,,0.030634578317403793
0.001,,,31232,,
0.001,,,31249,,
,488,0.030724119395017624,31249,,
,488,,31295,0.0304386205971241,
,488,,31295,,0.030743520706892014
0.001,,,31296,,
0.001,,,31299,,
,489,0.03081083670258522,31299,,
0.001,,,31349,,
,489,0.03111809492111206,31349,,
,489,,31359,0.03060397505760193,
,489,,31359,,0.030707640573382378
0.001,,,31360,,
0.001,,,31399,,
,490,0.031152021139860153,31399,,
,490,,31423,0.03139542415738106,
,490,,31423,,0.030694812536239624
0.001,,,31424,,
0.001,,,31449,,
,491,0.030856328085064888,31449,,
,491,,31487,0.03035464882850647,
,491,,31487,,0.030831973999738693
0.001,,,31488,,
0.001,,,31499,,
,492,0.029967136681079865,31499,,
0.001,,,31549,,
,492,0.031471505761146545,31549,,
,492,,31551,0.030300963670015335,
,492,,31551,,0.030958203598856926
0.001,,,31552,,
0.001,,,31599,,
,493,0.029995886608958244,31599,,
,493,,31615,0.03140563517808914,
,493,,31615,,0.031196100637316704
0.001,,,31616,,
0.001,,,31649,,
,494,0.031173942610621452,31649,,
,494,,31679,0.030386677011847496,
,494,,31679,,0.03060033731162548
0.001,,,31680,,
0.001,,,31699,,
,495,0.031945738941431046,31699,,
,495,,31743,0.03252929449081421,
,495,,31743,,0.03075544163584709
0.001,,,31744,,
0.001,,,31749,,
,496,0.03037380613386631,31749,,
0.001,,,31799,,
,496,0.029528876766562462,31799,,
,496,,31807,0.03206281363964081,
,496,,31807,,0.03096148930490017
0.001,,,31808,,
0.001,,,31849,,
,497,0.029929930344223976,31849,,
,497,,31871,0.030597535893321037,
,497,,31871,,0.030720766633749008
0.001,,,31872,,
0.001,,,31899,,
,498,0.03010760061442852,31899,,
,498,,31935,0.030574358999729156,
,498,,31935,,0.0306455846875906
0.001,,,31936,,
0.001,,,31949,,
,499,0.0302160382270813,31949,,
0.001,,,31999,,
,499,0.029099980369210243,31999,,
,499,,31999,0.0304437093436718,
,499,,31999,,0.030702758580446243
0.001,,,32000,,
0.001,,,32049,,
,500,0.029641730710864067,32049,,
,500,,32063,0.03118198551237583,
,500,,32063,,0.03061300702393055
0.001,,,32064,,
0.001,,,32099,,
,501,0.029220962896943092,32099,,
,501,,32127,0.030174709856510162,
,501,,32127,,0.03065362758934498
0.001,,,32128,,
0.001,,,32149,,
,502,0.030517255887389183,32149,,
,502,,32191,0.031361691653728485,
,502,,32191,,0.0307343490421772
0.001,,,32192,,
0.001,,,32199,,
,503,0.032644689083099365,32199,,
0.001,,,32249,,
,503,0.028802167624235153,32249,,
,503,,32255,0.03062659129500389,
,503,,32255,,0.03072001039981842
0.001,,,32256,,
0.001,,,32299,,
,504,0.030632713809609413,32299,,
,504,,32319,0.030585896223783493,
,504,,32319,,0.030781306326389313
0.001,,,32320,,
0.001,,,32349,,
,505,0.03081418015062809,32349,,
,505,,32383,0.030828550457954407,
,505,,32383,,0.03074696660041809
0.001,,,32384,,
0.001,,,32399,,
,506,0.03268687054514885,32399,,
,506,,32447,0.030823778361082077,
,506,,32447,,0.030699899420142174
0.001,,,32448,,
0.001,,,32449,,
,507,0.03046468459069729,32449,,
0.001,,,32499,,
,507,0.03134550154209137,32499,,
,507,,32511,0.03019258938729763,
,507,,32511,,0.03053787723183632
0.001,,,32512,,
0.001,,,32549,,
,508,0.03110230527818203,32549,,
,508,,32575,0.030694881454110146,
,508,,32575,,0.03057275339961052
0.001,,,32576,,
0.001,,,32599,,
,509,0.030123373493552208,32599,,
,509,,32639,0.030718078836798668,
,509,,32639,,0.030424105003476143
0.001,,,32640,,
0.001,,,32649,,
,510,0.028347091749310493,32649,,
0.001,,,32699,,
,510,0.031925659626722336,32699,,
,510,,32703,0.030445149168372154,
,510,,32703,,0.03097718395292759
0.001,,,32704,,
0.001,,,32749,,
,511,0.029485605657100677,32749,,
,511,,32767,0.030220938846468925,
,511,,32767,,0.030808759853243828
