metric,direction,rank,model,iteration,cr,value
rmse,min,1,MLIC_20260729_195351_best_checkpoint_rmse,195351,9662.500436478913,0.007862073369324207
rmse,min,2,MLIC_20260803_230822_best_checkpoint_rmse,230822,9477.432158708341,0.007906697690486908
rmse,min,3,MLIC_20260729_195351_best_checkpoint_f1,195351,9740.57677805054,0.007930293679237366
rmse,min,4,MLIC_20260729_195351_best_checkpoint_loss,195351,9752.39133770072,0.007974331267178059
rmse,min,5,MLIC_20260803_004638_best_checkpoint_f1,4638,9443.618659374793,0.007975569926202297
rmse,min,6,MLIC_20260803_004638_best_checkpoint_rmse,4638,9251.524745073635,0.007993215695023537
rmse,min,7,MLIC_20260726_101454_best_checkpoint_rmse,101454,9766.099178554363,0.008022008463740349
rmse,min,8,MLIC_20260803_004630_best_checkpoint_rmse,4630,9647.976840575418,0.008087403140962124
rmse,min,9,MLIC_20260803_004638_best_checkpoint_loss,4638,9228.327700145954,0.008087917231023312
rmse,min,10,MLIC_20260803_004630_best_checkpoint_f1,4630,9988.235954628082,0.008102666586637497
mae,min,1,MLIC_20260726_101454_best_checkpoint_rmse,101454,9766.099178554363,0.0034463407937437296
mae,min,2,MLIC_20260803_230822_best_checkpoint_rmse,230822,9477.432158708341,0.003471709555014968
mae,min,3,MLIC_20260729_195351_best_checkpoint_rmse,195351,9662.500436478913,0.0034996438771486282
mae,min,4,MLIC_20260803_004638_best_checkpoint_rmse,4638,9251.524745073635,0.0035079363733530045
mae,min,5,MLIC_20260803_231624_best_checkpoint_rmse,231624,9331.544654316816,0.0035081093665212393
mae,min,6,MLIC_20260803_004630_best_checkpoint_rmse,4630,9647.976840575418,0.003510198788717389
mae,min,7,MLIC_20260726_101454_best_checkpoint_f1,101454,9854.260512726274,0.0035126679576933384
mae,min,8,MLIC_20260726_101454_best_checkpoint_loss,101454,9749.409602437658,0.003521455219015479
mae,min,9,MLIC_20260803_004638_best_checkpoint_f1,4638,9443.618659374793,0.003522527404129505
mae,min,10,MLIC_20260729_195351_best_checkpoint_f1,195351,9740.57677805054,0.003526295069605112
psnr,max,1,MLIC_20260726_101454_best_checkpoint_rmse,101454,9766.099178554363,69.69651266526176
psnr,max,2,MLIC_20260803_004630_best_checkpoint_rmse,4630,9647.976840575418,69.53694492867237
psnr,max,3,MLIC_20260803_230822_best_checkpoint_rmse,230822,9477.432158708341,69.53398486334893
psnr,max,4,MLIC_20260726_101454_best_checkpoint_loss,101454,9749.409602437658,69.49788793958501
psnr,max,5,MLIC_20260805_002413_best_checkpoint_rmse,2413,9755.854327026871,69.48835493169247
psnr,max,6,MLIC_20260804_235823_best_checkpoint_rmse,235823,9832.811767487641,69.46721276195288
psnr,max,7,MLIC_20260803_004630_best_checkpoint_loss,4630,9613.284122960124,69.4471737135
psnr,max,8,MLIC_20260803_004630_best_checkpoint_f1,4630,9988.235954628082,69.44069589919128
psnr,max,9,MLIC_20260726_101454_best_checkpoint_f1,101454,9854.260512726274,69.428820672374
psnr,max,10,MLIC_20260803_004638_best_checkpoint_rmse,4638,9251.524745073635,69.41906637109456
ecs,min,1,MLIC_20260803_004630_best_checkpoint_f1,4630,9988.235954628082,24.88844525229227
ecs,min,2,MLIC_20260726_101454_best_checkpoint_rmse,101454,9766.099178554363,24.9576557541152
ecs,min,3,MLIC_20260803_231624_best_checkpoint_rmse,231624,9331.544654316816,25.00922506378844
ecs,min,4,MLIC_20260803_230822_best_checkpoint_rmse,230822,9477.432158708341,25.03307250008358
ecs,min,5,MLIC_20260726_101454_best_checkpoint_f1,101454,9854.260512726274,25.09444968904475
ecs,min,6,MLIC_20260803_004630_best_checkpoint_rmse,4630,9647.976840575418,25.114172619811523
ecs,min,7,MLIC_20260726_101454_best_checkpoint_loss,101454,9749.409602437658,25.160448272782993
ecs,min,8,MLIC_20260803_230822_best_checkpoint_f1,230822,9794.449868185553,25.3463400617109
ecs,min,9,MLIC_20260803_230822_best_checkpoint_loss,230822,9794.449868185553,25.3463400617109
ecs,min,10,MLIC_20260803_004630_best_checkpoint_loss,4630,9613.284122960124,25.417518634675712
extremum_pos,min,1,MLIC_20260803_175321_best_checkpoint_loss,175321,18238.199535780805,47.78442476861943
extremum_pos,min,2,MLIC_20260803_175321_best_checkpoint_f1,175321,18079.022376935354,48.77708031814517
extremum_pos,min,3,MLIC_20260723_220336_best_checkpoint_f1,220336,11021.288080159824,49.40619283436624
extremum_pos,min,4,MLIC_20260723_220336_best_checkpoint_loss,220336,10906.002794956543,49.41152392416358
extremum_pos,min,5,MLIC_20260803_175321_best_checkpoint_rmse,175321,17740.264969228858,50.438549916934754
extremum_pos,min,6,MLIC_20260803_231624_best_checkpoint_f1,231624,9321.253513149719,53.8194033786545
extremum_pos,min,7,MLIC_20260803_232645_best_checkpoint_rmse,232645,8888.654651153129,55.96249560055045
extremum_pos,min,8,MLIC_20260725_155134_best_checkpoint_rmse,155134,9757.055739572059,56.00694329174558
extremum_pos,min,9,MLIC_20260803_173849_best_checkpoint_f1,173849,18658.241476245825,56.047511319546494
extremum_pos,min,10,MLIC_20260803_173849_best_checkpoint_loss,173849,18658.241476245825,56.047511319546494
f1_score,max,1,MLIC_20260726_101454_best_checkpoint_f1,101454,9854.260512726274,0.8403713874301092
f1_score,max,2,MLIC_20260726_101454_best_checkpoint_loss,101454,9749.409602437658,0.8390948025900378
f1_score,max,3,MLIC_20260803_230822_best_checkpoint_f1,230822,9794.449868185553,0.8385114693944552
f1_score,max,4,MLIC_20260803_230822_best_checkpoint_loss,230822,9794.449868185553,0.8385114693944552
f1_score,max,5,MLIC_20260726_101454_best_checkpoint_rmse,101454,9766.099178554363,0.8380107479990265
f1_score,max,6,MLIC_20260803_231624_best_checkpoint_rmse,231624,9331.544654316816,0.8379030628203631
f1_score,max,7,MLIC_20260803_231624_best_checkpoint_f1,231624,9321.253513149719,0.8364943653793773
f1_score,max,8,MLIC_20260803_232645_best_checkpoint_f1,232645,9227.944809099754,0.8363194596517846
f1_score,max,9,MLIC_20260803_232645_best_checkpoint_loss,232645,9227.944809099754,0.8363194596517846
f1_score,max,10,MLIC_20260803_232645_best_checkpoint_rmse,232645,8888.654651153129,0.8356746861905738
pearson,max,1,MLIC_20260726_101454_best_checkpoint_rmse,101454,9766.099178554363,0.9993331432342529
pearson,max,2,MLIC_20260726_101454_best_checkpoint_loss,101454,9749.409602437658,0.9993130564689636
pearson,max,3,MLIC_20260726_101454_best_checkpoint_f1,101454,9854.260512726274,0.9993046522140503
pearson,max,4,MLIC_20260803_230822_best_checkpoint_rmse,230822,9477.432158708341,0.9993026852607727
pearson,max,5,MLIC_20260803_004630_best_checkpoint_rmse,4630,9647.976840575418,0.9993009567260742
pearson,max,6,MLIC_20260803_231624_best_checkpoint_rmse,231624,9331.544654316816,0.9992925524711609
pearson,max,7,MLIC_20260803_004630_best_checkpoint_f1,4630,9988.235954628082,0.9992892146110535
pearson,max,8,MLIC_20260803_004638_best_checkpoint_rmse,4638,9251.524745073635,0.999285876750946
pearson,max,9,MLIC_20260803_230822_best_checkpoint_f1,230822,9794.449868185553,0.9992857575416565
pearson,max,10,MLIC_20260803_230822_best_checkpoint_loss,230822,9794.449868185553,0.9992857575416565
pearson_pvalue,min,1,MLIC_20260803_230822_best_checkpoint_loss,230822,9794.449868185553,8.388173364569112e-115
pearson_pvalue,min,2,MLIC_20260803_230822_best_checkpoint_f1,230822,9794.449868185553,8.388173364569112e-115
pearson_pvalue,min,3,MLIC_20260726_101454_best_checkpoint_rmse,101454,9766.099178554363,2.758737349324015e-113
pearson_pvalue,min,4,MLIC_20260726_101454_best_checkpoint_loss,101454,9749.409602437658,3.9225952887245006e-113
pearson_pvalue,min,5,MLIC_20260803_231624_best_checkpoint_f1,231624,9321.253513149719,9.350473495490176e-113
pearson_pvalue,min,6,MLIC_20260803_231624_best_checkpoint_rmse,231624,9331.544654316816,9.470838374862995e-113
pearson_pvalue,min,7,MLIC_20260729_195351_best_checkpoint_loss,195351,9752.39133770072,6.306520505882222e-112
pearson_pvalue,min,8,MLIC_20260803_230822_best_checkpoint_rmse,230822,9477.432158708341,7.6558513839028e-112
pearson_pvalue,min,9,MLIC_20260726_101454_best_checkpoint_f1,101454,9854.260512726274,9.49283780519391e-112
pearson_pvalue,min,10,MLIC_20260729_195351_best_checkpoint_rmse,195351,9662.500436478913,1.3416262813237584e-110
r2_score,max,1,MLIC_20260726_101454_best_checkpoint_rmse,101454,9766.099178554363,0.9985027313232422
r2_score,max,2,MLIC_20260803_004630_best_checkpoint_rmse,4630,9647.976840575418,0.9984467029571533
r2_score,max,3,MLIC_20260803_230822_best_checkpoint_rmse,230822,9477.432158708341,0.9984456300735474
r2_score,max,4,MLIC_20260726_101454_best_checkpoint_loss,101454,9749.409602437658,0.9984326362609863
r2_score,max,5,MLIC_20260805_002413_best_checkpoint_rmse,2413,9755.854327026871,0.9984292387962341
r2_score,max,6,MLIC_20260804_235823_best_checkpoint_rmse,235823,9832.811767487641,0.9984215497970581
r2_score,max,7,MLIC_20260803_004630_best_checkpoint_loss,4630,9613.284122960124,0.9984142184257507
r2_score,max,8,MLIC_20260803_004630_best_checkpoint_f1,4630,9988.235954628082,0.9984118938446045
r2_score,max,9,MLIC_20260726_101454_best_checkpoint_f1,101454,9854.260512726274,0.9984075427055359
r2_score,max,10,MLIC_20260803_004638_best_checkpoint_rmse,4638,9251.524745073635,0.9984039664268494
dtw,min,1,MLIC_20260803_231624_best_checkpoint_rmse,231624,9331.544654316816,2.6759145129386144
dtw,min,2,MLIC_20260803_004638_best_checkpoint_rmse,4638,9251.524745073635,2.696694538530969
dtw,min,3,MLIC_20260803_004638_best_checkpoint_f1,4638,9443.618659374793,2.703409018546383
dtw,min,4,MLIC_20260803_231624_best_checkpoint_f1,231624,9321.253513149719,2.7116828771286743
dtw,min,5,MLIC_20260803_004630_best_checkpoint_rmse,4630,9647.976840575418,2.7135926837445523
dtw,min,6,MLIC_20260803_004630_best_checkpoint_f1,4630,9988.235954628082,2.7167042359058344
dtw,min,7,MLIC_20260803_230822_best_checkpoint_rmse,230822,9477.432158708341,2.7204550744144305
dtw,min,8,MLIC_20260729_195351_best_checkpoint_rmse,195351,9662.500436478913,2.725125949144694
dtw,min,9,MLIC_20260803_004638_best_checkpoint_loss,4638,9228.327700145954,2.726777782880086
dtw,min,10,MLIC_20260803_004630_best_checkpoint_loss,4630,9613.284122960124,2.7350380574435493
wasserstein,min,1,MLIC_20260803_232645_best_checkpoint_rmse,232645,8888.654651153129,0.6136168518918161
wasserstein,min,2,MLIC_20260726_101454_best_checkpoint_loss,101454,9749.409602437658,0.6188795142699666
wasserstein,min,3,MLIC_20260803_232645_best_checkpoint_loss,232645,9227.944809099754,0.6200447404320747
wasserstein,min,4,MLIC_20260803_232645_best_checkpoint_f1,232645,9227.944809099754,0.6200447404320747
wasserstein,min,5,MLIC_20260726_101454_best_checkpoint_rmse,101454,9766.099178554363,0.6218185273637254
wasserstein,min,6,MLIC_20260804_235815_best_checkpoint_rmse,235815,9683.044653062752,0.6239945490762874
wasserstein,min,7,MLIC_20260803_004638_best_checkpoint_rmse,4638,9251.524745073635,0.6241216426448151
wasserstein,min,8,MLIC_20260804_235815_best_checkpoint_f1,235815,9706.381811036741,0.6241919238089602
wasserstein,min,9,MLIC_20260803_004638_best_checkpoint_loss,4638,9228.327700145954,0.6283104413614571
wasserstein,min,10,MLIC_20260804_235815_best_checkpoint_loss,235815,9920.278756629714,0.62902239068679
lsd,min,1,MLIC_20260803_173849_best_checkpoint_f1,173849,18658.241476245825,2.3658149856444597
lsd,min,2,MLIC_20260803_173849_best_checkpoint_loss,173849,18658.241476245825,2.3658149856444597
lsd,min,3,MLIC_20260803_004638_best_checkpoint_f1,4638,9443.618659374793,2.3893295330777726
lsd,min,4,MLIC_20260803_004630_best_checkpoint_f1,4630,9988.235954628082,2.3897570707002864
lsd,min,5,MLIC_20260805_002413_best_checkpoint_f1,2413,9904.67791916802,2.389816234381337
lsd,min,6,MLIC_20260803_004638_best_checkpoint_loss,4638,9228.327700145954,2.3905308779084247
lsd,min,7,MLIC_20260803_004638_best_checkpoint_rmse,4638,9251.524745073635,2.39176000064394
lsd,min,8,MLIC_20260726_101454_best_checkpoint_loss,101454,9749.409602437658,2.392348635729688
lsd,min,9,MLIC_20260803_231624_best_checkpoint_loss,231624,9565.781777146774,2.392466307594996
lsd,min,10,MLIC_20260803_004630_best_checkpoint_loss,4630,9613.284122960124,2.392672616476794
peak_freq_error,min,1,MLIC_20260723_220336_best_checkpoint_loss,220336,10906.002794956543,1.0599025569434965e-05
peak_freq_error,min,2,MLIC_20260803_004630_best_checkpoint_loss,4630,9613.284122960124,1.1495704109075262e-05
peak_freq_error,min,3,MLIC_20260805_002413_best_checkpoint_loss,2413,9566.374717859595,1.1508166900068973e-05
peak_freq_error,min,4,MLIC_20260805_002413_best_checkpoint_rmse,2413,9755.854327026871,1.1561744053103792e-05
peak_freq_error,min,5,MLIC_20260803_004630_best_checkpoint_rmse,4630,9647.976840575418,1.16046571684842e-05
peak_freq_error,min,6,MLIC_20260804_235823_best_checkpoint_f1,235823,10085.330377546066,1.1654508332459045e-05
peak_freq_error,min,7,MLIC_20260804_235823_best_checkpoint_rmse,235823,9832.811767487641,1.1689840987338121e-05
peak_freq_error,min,8,MLIC_20260805_002413_best_checkpoint_f1,2413,9904.67791916802,1.1725559089361332e-05
peak_freq_error,min,9,MLIC_20260726_101454_best_checkpoint_loss,101454,9749.409602437658,1.1904535046621532e-05
peak_freq_error,min,10,MLIC_20260726_101454_best_checkpoint_f1,101454,9854.260512726274,1.1960938812046676e-05
power_wasserstein,min,1,MLIC_20260726_101454_best_checkpoint_rmse,101454,9766.099178554363,1.1906939254883586e-05
power_wasserstein,min,2,MLIC_20260726_101454_best_checkpoint_f1,101454,9854.260512726274,1.1923999852618998e-05
power_wasserstein,min,3,MLIC_20260726_101454_best_checkpoint_loss,101454,9749.409602437658,1.2094026841792269e-05
power_wasserstein,min,4,MLIC_20260804_235823_best_checkpoint_f1,235823,10085.330377546066,1.2096246228472305e-05
power_wasserstein,min,5,MLIC_20260804_235823_best_checkpoint_rmse,235823,9832.811767487641,1.2097449880200489e-05
power_wasserstein,min,6,MLIC_20260805_002413_best_checkpoint_rmse,2413,9755.854327026871,1.22339873581778e-05
power_wasserstein,min,7,MLIC_20260729_195351_best_checkpoint_rmse,195351,9662.500436478913,1.229307594007053e-05
power_wasserstein,min,8,MLIC_20260805_002413_best_checkpoint_loss,2413,9566.374717859595,1.235847074364385e-05
power_wasserstein,min,9,MLIC_20260805_002413_best_checkpoint_f1,2413,9904.67791916802,1.2427201091894487e-05
power_wasserstein,min,10,MLIC_20260803_230822_best_checkpoint_rmse,230822,9477.432158708341,1.2490482788789362e-05
ssim,max,1,MLIC_20260726_101454_best_checkpoint_rmse,101454,9766.099178554363,0.9215290650923853
ssim,max,2,MLIC_20260726_101454_best_checkpoint_f1,101454,9854.260512726274,0.9211052637345091
ssim,max,3,MLIC_20260803_231624_best_checkpoint_rmse,231624,9331.544654316816,0.9208889760302607
ssim,max,4,MLIC_20260726_101454_best_checkpoint_loss,101454,9749.409602437658,0.9205823883454084
ssim,max,5,MLIC_20260803_230822_best_checkpoint_rmse,230822,9477.432158708341,0.9205385658052441
ssim,max,6,MLIC_20260803_230822_best_checkpoint_f1,230822,9794.449868185553,0.9204807416271773
ssim,max,7,MLIC_20260803_230822_best_checkpoint_loss,230822,9794.449868185553,0.9204807416271773
ssim,max,8,MLIC_20260803_231624_best_checkpoint_f1,231624,9321.253513149719,0.9204461513647614
ssim,max,9,MLIC_20260803_004630_best_checkpoint_f1,4630,9988.235954628082,0.9201233849853536
ssim,max,10,MLIC_20260803_004638_best_checkpoint_rmse,4638,9251.524745073635,0.9198955876167498
ms_ssim,max,1,MLIC_20260726_101454_best_checkpoint_rmse,101454,9766.099178554363,0.9677915910207078
ms_ssim,max,2,MLIC_20260729_195351_best_checkpoint_rmse,195351,9662.500436478913,0.9674194785981484
ms_ssim,max,3,MLIC_20260803_231624_best_checkpoint_rmse,231624,9331.544654316816,0.9673153062276172
ms_ssim,max,4,MLIC_20260803_230822_best_checkpoint_rmse,230822,9477.432158708341,0.9671930535873214
ms_ssim,max,5,MLIC_20260726_101454_best_checkpoint_f1,101454,9854.260512726274,0.9669332048050353
ms_ssim,max,6,MLIC_20260803_230822_best_checkpoint_f1,230822,9794.449868185553,0.9668766685478152
ms_ssim,max,7,MLIC_20260803_230822_best_checkpoint_loss,230822,9794.449868185553,0.9668766685478152
ms_ssim,max,8,MLIC_20260729_195351_best_checkpoint_f1,195351,9740.57677805054,0.9668685220200759
ms_ssim,max,9,MLIC_20260729_195351_best_checkpoint_loss,195351,9752.39133770072,0.9668028993713654
ms_ssim,max,10,MLIC_20260803_004638_best_checkpoint_rmse,4638,9251.524745073635,0.9667548316496825
rmse_pca_3_components,min,1,MLIC_20260804_235823_best_checkpoint_rmse,235823,9832.811767487641,1.3219873905181885
rmse_pca_3_components,min,2,MLIC_20260729_195351_best_checkpoint_rmse,195351,9662.500436478913,1.3227752447128296
rmse_pca_3_components,min,3,MLIC_20260804_235823_best_checkpoint_f1,235823,10085.330377546066,1.3231712579727173
rmse_pca_3_components,min,4,MLIC_20260726_101454_best_checkpoint_rmse,101454,9766.099178554363,1.3236374855041504
rmse_pca_3_components,min,5,MLIC_20260805_002413_best_checkpoint_rmse,2413,9755.854327026871,1.3237698078155518
rmse_pca_3_components,min,6,MLIC_20260729_195351_best_checkpoint_f1,195351,9740.57677805054,1.324460506439209
rmse_pca_3_components,min,7,MLIC_20260729_195351_best_checkpoint_loss,195351,9752.39133770072,1.3245834112167358
rmse_pca_3_components,min,8,MLIC_20260803_004630_best_checkpoint_rmse,4630,9647.976840575418,1.3245898485183716
rmse_pca_3_components,min,9,MLIC_20260805_002413_best_checkpoint_loss,2413,9566.374717859595,1.324765920639038
rmse_pca_3_components,min,10,MLIC_20260803_230822_best_checkpoint_rmse,230822,9477.432158708341,1.3251079320907593
rmse_pca_6_components,min,1,MLIC_20260726_101454_best_checkpoint_rmse,101454,9766.099178554363,0.5609347820281982
rmse_pca_6_components,min,2,MLIC_20260803_004630_best_checkpoint_rmse,4630,9647.976840575418,0.5684001445770264
rmse_pca_6_components,min,3,MLIC_20260803_230822_best_checkpoint_rmse,230822,9477.432158708341,0.569138765335083
rmse_pca_6_components,min,4,MLIC_20260726_101454_best_checkpoint_loss,101454,9749.409602437658,0.5692179799079895
rmse_pca_6_components,min,5,MLIC_20260804_235823_best_checkpoint_rmse,235823,9832.811767487641,0.5693488717079163
rmse_pca_6_components,min,6,MLIC_20260805_002413_best_checkpoint_rmse,2413,9755.854327026871,0.5704970359802246
rmse_pca_6_components,min,7,MLIC_20260803_004630_best_checkpoint_loss,4630,9613.284122960124,0.5724950432777405
rmse_pca_6_components,min,8,MLIC_20260803_004630_best_checkpoint_f1,4630,9988.235954628082,0.5735065937042236
rmse_pca_6_components,min,9,MLIC_20260726_101454_best_checkpoint_f1,101454,9854.260512726274,0.5741777420043945
rmse_pca_6_components,min,10,MLIC_20260803_004638_best_checkpoint_rmse,4638,9251.524745073635,0.5756419897079468
nsr_depth_resolution_10,min,1,MLIC_20260619_180735_best_checkpoint_f1,180735,11748.501456640188,25.377127644877145
nsr_depth_resolution_10,min,2,MLIC_20260619_180735_best_checkpoint_loss,180735,10854.976561293604,25.377127644877145
nsr_depth_resolution_10,min,3,MLIC_20260619_180735_best_checkpoint_rmse,180735,13533.838410155906,25.377127644877145
nsr_depth_resolution_10,min,4,MLIC_20260803_004630_best_checkpoint_f1,4630,9988.235954628082,25.377127644877145
nsr_depth_resolution_10,min,5,MLIC_20260803_004630_best_checkpoint_loss,4630,9613.284122960124,25.377127644877145
nsr_depth_resolution_10,min,6,MLIC_20260803_004630_best_checkpoint_rmse,4630,9647.976840575418,25.377127644877145
nsr_depth_resolution_10,min,7,MLIC_20260803_004638_best_checkpoint_f1,4638,9443.618659374793,25.377127644877145
nsr_depth_resolution_10,min,8,MLIC_20260803_004638_best_checkpoint_loss,4638,9228.327700145954,25.377127644877145
nsr_depth_resolution_10,min,9,MLIC_20260803_004638_best_checkpoint_rmse,4638,9251.524745073635,25.377127644877145
nsr_depth_resolution_10,min,10,MLIC_20260803_230822_best_checkpoint_f1,230822,9794.449868185553,25.377127644877145
nsr_spatial_resolution_10,min,1,MLIC_20260619_180735_best_checkpoint_f1,180735,11748.501456640188,8709.675135779236
nsr_spatial_resolution_10,min,2,MLIC_20260619_180735_best_checkpoint_loss,180735,10854.976561293604,8709.675135779236
nsr_spatial_resolution_10,min,3,MLIC_20260619_180735_best_checkpoint_rmse,180735,13533.838410155906,8709.675135779236
nsr_spatial_resolution_10,min,4,MLIC_20260803_004630_best_checkpoint_f1,4630,9988.235954628082,8709.675135779236
nsr_spatial_resolution_10,min,5,MLIC_20260803_004630_best_checkpoint_loss,4630,9613.284122960124,8709.675135779236
nsr_spatial_resolution_10,min,6,MLIC_20260803_004630_best_checkpoint_rmse,4630,9647.976840575418,8709.675135779236
nsr_spatial_resolution_10,min,7,MLIC_20260803_004638_best_checkpoint_f1,4638,9443.618659374793,8709.675135779236
nsr_spatial_resolution_10,min,8,MLIC_20260803_004638_best_checkpoint_loss,4638,9228.327700145954,8709.675135779236
nsr_spatial_resolution_10,min,9,MLIC_20260803_004638_best_checkpoint_rmse,4638,9251.524745073635,8709.675135779236
nsr_spatial_resolution_10,min,10,MLIC_20260803_230822_best_checkpoint_f1,230822,9794.449868185553,8709.675135779236
nsr_spatial_depth0_time_mean_resolution_10,min,1,MLIC_20260729_210619_best_checkpoint_f1,210619,9755.054089408995,202914.0917414671
nsr_spatial_depth0_time_mean_resolution_10,min,2,MLIC_20260729_210619_best_checkpoint_rmse,210619,9786.568672543433,203753.65034006693
nsr_spatial_depth0_time_mean_resolution_10,min,3,MLIC_20260729_210619_best_checkpoint_loss,210619,9865.657800838319,231318.54688738493
nsr_spatial_depth0_time_mean_resolution_10,min,4,MLIC_20260725_155134_best_checkpoint_loss,155134,9868.503993824506,348619.5361538503
nsr_spatial_depth0_time_mean_resolution_10,min,5,MLIC_20260725_155134_best_checkpoint_f1,155134,9880.966414497061,357672.6070599137
nsr_spatial_depth0_time_mean_resolution_10,min,6,MLIC_20260725_155134_best_checkpoint_rmse,155134,9757.055739572059,373445.23309742834
nsr_spatial_depth0_time_mean_resolution_10,min,7,MLIC_20260803_004630_best_checkpoint_loss,4630,9613.284122960124,425872.4560355945
nsr_spatial_depth0_time_mean_resolution_10,min,8,MLIC_20260803_004630_best_checkpoint_rmse,4630,9647.976840575418,425929.02294509637
nsr_spatial_depth0_time_mean_resolution_10,min,9,MLIC_20260803_231624_best_checkpoint_rmse,231624,9331.544654316816,428038.71804944053
nsr_spatial_depth0_time_mean_resolution_10,min,10,MLIC_20260803_004638_best_checkpoint_f1,4638,9443.618659374793,428925.86988172133
nsr_spatial_depth40_time_mean_resolution_10,min,1,MLIC_20260619_180735_best_checkpoint_loss,180735,10854.976561293604,18727.921046869837
nsr_spatial_depth40_time_mean_resolution_10,min,2,MLIC_20260804_235823_best_checkpoint_rmse,235823,9832.811767487641,19189.541569707857
nsr_spatial_depth40_time_mean_resolution_10,min,3,MLIC_20260804_235823_best_checkpoint_f1,235823,10085.330377546066,19252.091693920047
nsr_spatial_depth40_time_mean_resolution_10,min,4,MLIC_20260726_101454_best_checkpoint_loss,101454,9749.409602437658,19788.31321698206
nsr_spatial_depth40_time_mean_resolution_10,min,5,MLIC_20260619_180735_best_checkpoint_f1,180735,11748.501456640188,19996.78098187193
nsr_spatial_depth40_time_mean_resolution_10,min,6,MLIC_20260723_220336_best_checkpoint_f1,220336,11021.288080159824,20224.436992512867
nsr_spatial_depth40_time_mean_resolution_10,min,7,MLIC_20260729_195351_best_checkpoint_rmse,195351,9662.500436478913,21238.10332185072
nsr_spatial_depth40_time_mean_resolution_10,min,8,MLIC_20260729_195351_best_checkpoint_f1,195351,9740.57677805054,21525.492318273416
nsr_spatial_depth40_time_mean_resolution_10,min,9,MLIC_20260729_195351_best_checkpoint_loss,195351,9752.39133770072,21897.387749977068
nsr_spatial_depth40_time_mean_resolution_10,min,10,MLIC_20260725_155134_best_checkpoint_f1,155134,9880.966414497061,21991.299959832297
tl_grid_mae_freq_10,min,1,MLIC_20260803_231624_best_checkpoint_rmse,231624,9331.544654316816,0.24852292286232114
tl_grid_mae_freq_10,min,2,MLIC_20260803_004630_best_checkpoint_rmse,4630,9647.976840575418,0.24920284072868526
tl_grid_mae_freq_10,min,3,MLIC_20260729_195351_best_checkpoint_f1,195351,9740.57677805054,0.2523893052712083
tl_grid_mae_freq_10,min,4,MLIC_20260729_195351_best_checkpoint_rmse,195351,9662.500436478913,0.2536096153780818
tl_grid_mae_freq_10,min,5,MLIC_20260803_231624_best_checkpoint_loss,231624,9565.781777146774,0.25437660282477736
tl_grid_mae_freq_10,min,6,MLIC_20260729_195351_best_checkpoint_loss,195351,9752.39133770072,0.26644645910710096
tl_grid_mae_freq_10,min,7,MLIC_20260804_235823_best_checkpoint_f1,235823,10085.330377546066,0.26725343707948923
tl_grid_mae_freq_10,min,8,MLIC_20260803_004638_best_checkpoint_f1,4638,9443.618659374793,0.2737156709190458
tl_grid_mae_freq_10,min,9,MLIC_20260803_004630_best_checkpoint_loss,4630,9613.284122960124,0.2750700314063579
tl_grid_mae_freq_10,min,10,MLIC_20260726_101454_best_checkpoint_rmse,101454,9766.099178554363,0.27801900124177337
tl_grid_mae_freq_500,min,1,MLIC_20260803_231624_best_checkpoint_loss,231624,9565.781777146774,3.917954459786415
tl_grid_mae_freq_500,min,2,MLIC_20260803_004638_best_checkpoint_loss,4638,9228.327700145954,3.961312398314476
tl_grid_mae_freq_500,min,3,MLIC_20260803_231624_best_checkpoint_rmse,231624,9331.544654316816,3.9670440703630447
tl_grid_mae_freq_500,min,4,MLIC_20260729_195351_best_checkpoint_f1,195351,9740.57677805054,3.9745847582817078
tl_grid_mae_freq_500,min,5,MLIC_20260803_004638_best_checkpoint_f1,4638,9443.618659374793,3.9760113582015038
tl_grid_mae_freq_500,min,6,MLIC_20260803_004638_best_checkpoint_rmse,4638,9251.524745073635,4.013529121875763
tl_grid_mae_freq_500,min,7,MLIC_20260803_232645_best_checkpoint_loss,232645,9227.944809099754,4.080034449696541
tl_grid_mae_freq_500,min,8,MLIC_20260803_232645_best_checkpoint_f1,232645,9227.944809099754,4.080034449696541
tl_grid_mae_freq_500,min,9,MLIC_20260803_004630_best_checkpoint_rmse,4630,9647.976840575418,4.0922738909721375
tl_grid_mae_freq_500,min,10,MLIC_20260803_004630_best_checkpoint_f1,4630,9988.235954628082,4.108163595199585
tl_grid_mae_freq_1000,min,1,MLIC_20260803_004638_best_checkpoint_f1,4638,9443.618659374793,4.759415611624718
tl_grid_mae_freq_1000,min,2,MLIC_20260803_004638_best_checkpoint_loss,4638,9228.327700145954,4.771063387393951
tl_grid_mae_freq_1000,min,3,MLIC_20260803_231624_best_checkpoint_loss,231624,9565.781777146774,4.803444117307663
tl_grid_mae_freq_1000,min,4,MLIC_20260729_195351_best_checkpoint_f1,195351,9740.57677805054,4.830006241798401
tl_grid_mae_freq_1000,min,5,MLIC_20260803_231624_best_checkpoint_rmse,231624,9331.544654316816,4.833003833889961
tl_grid_mae_freq_1000,min,6,MLIC_20260803_004638_best_checkpoint_rmse,4638,9251.524745073635,4.835590943694115
tl_grid_mae_freq_1000,min,7,MLIC_20260803_232645_best_checkpoint_loss,232645,9227.944809099754,4.904678523540497
tl_grid_mae_freq_1000,min,8,MLIC_20260803_232645_best_checkpoint_f1,232645,9227.944809099754,4.904678523540497
tl_grid_mae_freq_1000,min,9,MLIC_20260806_225950_best_checkpoint_loss,225950,9942.73007122808,4.943880781531334
tl_grid_mae_freq_1000,min,10,MLIC_20260803_004630_best_checkpoint_f1,4630,9988.235954628082,4.949896737933159
tl_grid_ssim_freq_10,max,1,MLIC_20260805_231719_best_checkpoint_rmse,231719,9102.78722150117,0.9885070232865125
tl_grid_ssim_freq_10,max,2,MLIC_20260803_004630_best_checkpoint_rmse,4630,9647.976840575418,0.988041765989831
tl_grid_ssim_freq_10,max,3,MLIC_20260729_195351_best_checkpoint_rmse,195351,9662.500436478913,0.9877125573050974
tl_grid_ssim_freq_10,max,4,MLIC_20260803_004630_best_checkpoint_loss,4630,9613.284122960124,0.9869395733053887
tl_grid_ssim_freq_10,max,5,MLIC_20260804_235823_best_checkpoint_rmse,235823,9832.811767487641,0.9868597130404597
tl_grid_ssim_freq_10,max,6,MLIC_20260803_004638_best_checkpoint_rmse,4638,9251.524745073635,0.9866026187436235
tl_grid_ssim_freq_10,max,7,MLIC_20260803_231624_best_checkpoint_rmse,231624,9331.544654316816,0.9858654454123362
tl_grid_ssim_freq_10,max,8,MLIC_20260726_101454_best_checkpoint_rmse,101454,9766.099178554363,0.9856588208472551
tl_grid_ssim_freq_10,max,9,MLIC_20260803_004638_best_checkpoint_loss,4638,9228.327700145954,0.9856541358676498
tl_grid_ssim_freq_10,max,10,MLIC_20260805_002413_best_checkpoint_rmse,2413,9755.854327026871,0.9852437451785285
tl_grid_ssim_freq_500,max,1,MLIC_20260803_231624_best_checkpoint_loss,231624,9565.781777146774,0.5745435070375831
tl_grid_ssim_freq_500,max,2,MLIC_20260729_195351_best_checkpoint_f1,195351,9740.57677805054,0.5714309018150618
tl_grid_ssim_freq_500,max,3,MLIC_20260803_231624_best_checkpoint_rmse,231624,9331.544654316816,0.5661812129847659
tl_grid_ssim_freq_500,max,4,MLIC_20260803_004638_best_checkpoint_loss,4638,9228.327700145954,0.5598039715990978
tl_grid_ssim_freq_500,max,5,MLIC_20260803_004638_best_checkpoint_f1,4638,9443.618659374793,0.5586317109427583
tl_grid_ssim_freq_500,max,6,MLIC_20260803_004630_best_checkpoint_rmse,4630,9647.976840575418,0.5554616468556021
tl_grid_ssim_freq_500,max,7,MLIC_20260729_195351_best_checkpoint_rmse,195351,9662.500436478913,0.5509449723434683
tl_grid_ssim_freq_500,max,8,MLIC_20260803_004638_best_checkpoint_rmse,4638,9251.524745073635,0.550528581149377
tl_grid_ssim_freq_500,max,9,MLIC_20260729_195351_best_checkpoint_loss,195351,9752.39133770072,0.5504027546679748
tl_grid_ssim_freq_500,max,10,MLIC_20260803_232645_best_checkpoint_loss,232645,9227.944809099754,0.5493814992196405
tl_grid_ssim_freq_1000,max,1,MLIC_20260803_004638_best_checkpoint_loss,4638,9228.327700145954,0.5105054534210172
tl_grid_ssim_freq_1000,max,2,MLIC_20260803_004638_best_checkpoint_f1,4638,9443.618659374793,0.5101551719315334
tl_grid_ssim_freq_1000,max,3,MLIC_20260729_195351_best_checkpoint_f1,195351,9740.57677805054,0.5093337529551694
tl_grid_ssim_freq_1000,max,4,MLIC_20260803_231624_best_checkpoint_loss,231624,9565.781777146774,0.5072416468765488
tl_grid_ssim_freq_1000,max,5,MLIC_20260803_231624_best_checkpoint_rmse,231624,9331.544654316816,0.5019171786125464
tl_grid_ssim_freq_1000,max,6,MLIC_20260803_232645_best_checkpoint_loss,232645,9227.944809099754,0.4997052003574666
tl_grid_ssim_freq_1000,max,7,MLIC_20260803_232645_best_checkpoint_f1,232645,9227.944809099754,0.4997052003574666
tl_grid_ssim_freq_1000,max,8,MLIC_20260803_004638_best_checkpoint_rmse,4638,9251.524745073635,0.49905820864619876
tl_grid_ssim_freq_1000,max,9,MLIC_20260803_004630_best_checkpoint_f1,4630,9988.235954628082,0.4883394353440599
tl_grid_ssim_freq_1000,max,10,MLIC_20260804_235823_best_checkpoint_f1,235823,10085.330377546066,0.48652546076177805
