,rmse,mae,psnr,ecs,extremum_pos,f1_score,pearson,pearson_pvalue,r2_score,dtw,wasserstein,lsd,peak_freq_error,power_wasserstein,ssim,ms_ssim,rmse_pca_3_components,rmse_pca_6_components,nsr_depth_resolution_10,nsr_spatial_resolution_10,nsr_spatial_depth0_time_mean_resolution_10,nsr_spatial_depth40_time_mean_resolution_10,tl_grid_mae_freq_10,tl_grid_mae_freq_500,tl_grid_mae_freq_1000,tl_grid_ssim_freq_10,tl_grid_ssim_freq_500,tl_grid_ssim_freq_1000
rmse,1.0,0.9987491696867112,-0.9415336077864394,0.9911178856517721,0.797722650198313,-0.9829140198231952,-0.9957791074588495,0.9863220479786144,-0.9955170090205439,0.011134737908880796,0.9998807681131149,0.513969856670287,0.996961424784806,0.9975840472445997,-0.9974319797020398,-0.9996224802870669,0.9983508662214252,0.9999537808398288,0.9175751063361343,,-0.3119526947165686,0.9884091276205474,0.9819759323279985,0.5553715593655881,0.5107947290225643,-0.9984246417290851,-0.5174062152476296,-0.47226786311666896
mae,0.9987491696867112,1.0,-0.9550070451682955,0.9932170328767288,0.8038827336208907,-0.9836671417877937,-0.9901415092999355,0.9797936332859908,-0.9897602671814362,0.05857008742975214,0.9983763023597392,0.5570706940915906,0.9917553800282711,0.9994185175478228,-0.99779338711307,-0.9982484137208029,0.9943032356384909,0.9981402618113961,0.9129815386125769,,-0.29971005356677205,0.9803930921893638,0.9897707248098216,0.5899113554843286,0.5393858640100603,-0.9984987592031591,-0.5540264724077157,-0.5011431431953274
psnr,-0.9415336077864394,-0.9550070451682955,1.0,-0.9623434748307063,-0.7977957262456045,0.9513581696757252,0.9068162487403713,-0.8915113081037146,0.9056179303814317,-0.3359764552724506,-0.9398417651479916,-0.7394983240738809,-0.9162178833917496,-0.9571093109362259,0.9528761499495484,0.940198784733936,-0.9207825720370426,-0.938489886122517,-0.9057671510771289,,0.08696926083495726,-0.910508135944614,-0.9798801828376084,-0.7912553157719093,-0.7349831893098924,0.9433973681916298,0.76281214918223,0.6974177286588933
ecs,0.9911178856517721,0.9932170328767288,-0.9623434748307063,1.0,0.8475109312151073,-0.9952563366089017,-0.979438452929956,0.9679414245201743,-0.9788318693158952,0.08605077146828796,0.9904970207407723,0.5847738393958947,0.9827406855480904,0.9934356624776719,-0.9966559658782298,-0.9928748655412613,0.9842157907243163,0.990158763489978,0.9162019236646869,,-0.2594864741841259,0.9741882001130358,0.9841490928837573,0.6208869911590977,0.5770078348625066,-0.9882140143470759,-0.5850137125623445,-0.5397963406068984
extremum_pos,0.797722650198313,0.8038827336208907,-0.7977957262456045,0.8475109312151073,1.0,-0.8465615112505318,-0.7816763665223525,0.7709676625350922,-0.7804071401182126,0.1492149445572081,0.7972006022451212,0.5821021359818931,0.7905054011990502,0.8033211081696562,-0.8112800665828749,-0.8052508144338677,0.7871814270334803,0.7967318570686258,0.6826546241455594,,-0.12823310353872489,0.7668559185631818,0.7867210421889053,0.5269656495843237,0.4866295162607151,-0.7842084652097856,-0.5030655352773941,-0.4590090830963739
f1_score,-0.9829140198231952,-0.9836671417877937,0.9513581696757252,-0.9952563366089017,-0.8465615112505318,1.0,0.9725071780294094,-0.9619387382726285,0.971920971181869,-0.07180634746760586,-0.98193893588876,-0.5641338238230829,-0.975994419436213,-0.9845544887952945,0.9920858935637251,0.9858965544341914,-0.9767220410627503,-0.9819290441420875,-0.9198647611240848,,0.24404851052530496,-0.9704826808752377,-0.9743267555319537,-0.6140036604518884,-0.576611054369326,0.9794176282817929,0.5769414914223121,0.5409370505699208
pearson,-0.9957791074588495,-0.9901415092999355,0.9068162487403713,-0.979438452929956,-0.7816763665223525,0.9725071780294094,1.0,-0.9922249038469304,0.999991905818842,0.07927976496154611,-0.9960836367417292,-0.4410218685570748,-0.9990031922663283,-0.9884145958367707,0.9897461442412493,0.995743598769662,-0.9993405315805944,-0.996527355711595,-0.9042331855267435,,0.36539554688486714,-0.9905639733849713,-0.9623730312653677,-0.48078565745356094,-0.4414712991946371,0.9930546254104802,0.4407975882404089,0.4034912959023781
pearson_pvalue,0.9863220479786144,0.9797936332859908,-0.8915113081037146,0.9679414245201743,0.7709676625350922,-0.9619387382726285,-0.9922249038469304,1.0,-0.9924260038397096,-0.0988294530347693,0.9865821038393553,0.4212962811440298,0.9909650810493708,0.9778664036120764,-0.9795073958666195,-0.9862578486462584,0.9909839992778593,0.9872352884486756,0.8937150127350317,,-0.3761511355564857,0.9826058573356897,0.9499487525355422,0.4605698612349396,0.4228132441199656,-0.9834823058713015,-0.4203709103315804,-0.38522078765760415
r2_score,-0.9955170090205439,-0.9897602671814362,0.9056179303814317,-0.9788318693158952,-0.7804071401182126,0.971920971181869,0.999991905818842,-0.9924260038397096,1.0,0.08210119217761348,-0.995812582649901,-0.43864550440240907,-0.9988732442767709,-0.9879578468189703,0.9893452270071327,0.9954742291710438,-0.9992430371138954,-0.9962895332247854,-0.903574959857728,,0.3676236730126283,-0.9904632851794275,-0.9616804246103089,-0.4784613442053876,-0.43924807351265416,0.9927737323097866,0.438406251741376,0.40122895968794986
dtw,0.011134737908880796,0.05857008742975214,-0.3359764552724506,0.08605077146828796,0.1492149445572081,-0.07180634746760586,0.07927976496154611,-0.0988294530347693,0.08210119217761348,1.0,0.006994180842739472,0.7742394227362014,-0.05571885643878167,0.06728496842976378,-0.045576388835615524,-0.006699177720096807,-0.04391704937862099,0.0029611429760400946,0.09249450057261285,,0.5939264756843335,-0.06709470838995357,0.183206986692404,0.7683417958906029,0.7020569785497028,-0.02809907617891825,-0.7924985467504106,-0.6969849984922544
wasserstein,0.9998807681131149,0.9983763023597392,-0.9398417651479916,0.9904970207407723,0.7972006022451212,-0.98193893588876,-0.9960836367417292,0.9865821038393553,-0.995812582649901,0.006994180842739472,1.0,0.5124059913195483,0.9972208413927026,0.9975229565579997,-0.9971047951579762,-0.9995097621569768,0.9984614248900768,0.9998700494890184,0.9168884744128412,,-0.31641389585663043,0.9882453224850537,0.9813146720603383,0.5512981371126581,0.5065713860297392,-0.9984576287394437,-0.5133933856250871,-0.4682073756789473
lsd,0.513969856670287,0.5570706940915906,-0.7394983240738809,0.5847738393958947,0.5821021359818931,-0.5641338238230829,-0.4410218685570748,0.4212962811440298,-0.43864550440240907,0.7742394227362014,0.5124059913195483,1.0,0.4516229764980045,0.5663836511866198,-0.5501963429426444,-0.5172165808073291,0.46752456334846637,0.5066192021769033,0.44714085176301355,,0.07132437717655049,0.41294649336443984,0.6506443733626165,0.9044878078437752,0.8073941352974016,-0.5319447782326239,-0.9160521725374571,-0.7944881157911775
peak_freq_error,0.996961424784806,0.9917553800282711,-0.9162178833917496,0.9827406855480904,0.7905054011990502,-0.975994419436213,-0.9990031922663283,0.9909650810493708,-0.9988732442767709,-0.05571885643878167,0.9972208413927026,0.4516229764980045,1.0,0.9905777934169423,-0.9913519964145975,-0.9964664965645765,0.9992660104252467,0.9975627522158181,0.9153263454346963,,-0.3287685451728589,0.9933100554502439,0.96608545626967,0.4980002206070827,0.45933301761149686,-0.9938275453544785,-0.4578292859646305,-0.42100592391691016
power_wasserstein,0.9975840472445997,0.9994185175478228,-0.9571093109362259,0.9934356624776719,0.8033211081696562,-0.9845544887952945,-0.9884145958367707,0.9778664036120764,-0.9879578468189703,0.06728496842976378,0.9975229565579997,0.5663836511866198,0.9905777934169423,1.0,-0.9977412766260115,-0.9974098143647978,0.9927535130479551,0.997017974140551,0.913279790245175,,-0.2952077671996266,0.9785555518765491,0.9912814349832075,0.5980707026023346,0.5469450039104646,-0.9982482796278764,-0.5629242837564855,-0.5099522973764627
ssim,-0.9974319797020398,-0.99779338711307,0.9528761499495484,-0.9966559658782298,-0.8112800665828749,0.9920858935637251,0.9897461442412493,-0.9795073958666195,0.9893452270071327,-0.045576388835615524,-0.9971047951579762,-0.5501963429426444,-0.9913519964145975,-0.9977412766260115,1.0,0.9983758911446116,-0.9932837440950429,-0.9968602391173976,-0.921274484602115,,0.2956874419486248,-0.9831698711818685,-0.9862820758701252,-0.5905296452210341,-0.5458201584645409,0.9961974926252634,0.5536177467168308,0.5083341960362585
ms_ssim,-0.9996224802870669,-0.9982484137208029,0.940198784733936,-0.9928748655412613,-0.8052508144338677,0.9858965544341914,0.995743598769662,-0.9862578486462584,0.9954742291710438,-0.006699177720096807,-0.9995097621569768,-0.5172165808073291,-0.9964664965645765,-0.9974098143647978,0.9983758911446116,1.0,-0.9980070870346762,-0.9995354707119918,-0.9140235014828935,,0.3214420078880177,-0.9870373349394732,-0.9811241657240466,-0.5542837657436156,-0.5097664712002689,0.9979214623176509,0.5166475761476241,0.4720137930523239
rmse_pca_3_components,0.9983508662214252,0.9943032356384909,-0.9207825720370426,0.9842157907243163,0.7871814270334803,-0.9767220410627503,-0.9993405315805944,0.9909839992778593,-0.9992430371138954,-0.04391704937862099,0.9984614248900768,0.46752456334846637,0.9992660104252467,0.9927535130479551,-0.9932837440950429,-0.9980070870346762,1.0,0.9988260211828152,0.9106070410638362,,-0.3426127326082191,0.9908564426967594,0.9708507705652105,0.5088587526421989,0.4672167435022748,-0.9961287403714602,-0.46951654668969933,-0.4288021110972457
rmse_pca_6_components,0.9999537808398288,0.9981402618113961,-0.938489886122517,0.990158763489978,0.7967318570686258,-0.9819290441420875,-0.996527355711595,0.9872352884486756,-0.9962895332247854,0.0029611429760400946,0.9998700494890184,0.5066192021769033,0.9975627522158181,0.997017974140551,-0.9968602391173976,-0.9995354707119918,0.9988260211828152,1.0,0.9164367247932278,,-0.31597341906725085,0.9889471486274437,0.9804004813138499,0.5479049610219981,0.5036362565696236,-0.9982487906125275,-0.5097258872169848,-0.4650792728968608
nsr_depth_resolution_10,0.9175751063361343,0.9129815386125769,-0.9057671510771289,0.9162019236646869,0.6826546241455594,-0.9198647611240848,-0.9042331855267435,0.8937150127350317,-0.903574959857728,0.09249450057261285,0.9168884744128412,0.44714085176301355,0.9153263454346963,0.913279790245175,-0.921274484602115,-0.9140235014828935,0.9106070410638362,0.9164367247932278,1.0,,-0.02522416022152172,0.9456061742136282,0.9063080315009903,0.5976028289950525,0.5908900040450045,-0.9104471372291844,-0.5519762055703925,-0.5453536788566855
nsr_spatial_resolution_10,,,,,,,,,,,,,,,,,,,,,,,,,,,,
nsr_spatial_depth0_time_mean_resolution_10,-0.3119526947165686,-0.29971005356677205,0.08696926083495726,-0.2594864741841259,-0.12823310353872489,0.24404851052530496,0.36539554688486714,-0.3761511355564857,0.3676236730126283,0.5939264756843335,-0.31641389585663043,0.07132437717655049,-0.3287685451728589,-0.2952077671996266,0.2956874419486248,0.3214420078880177,-0.3426127326082191,-0.31597341906725085,-0.02522416022152172,,1.0,-0.27016760099327713,-0.23757097031771823,0.27254264256973193,0.31864747370911123,0.32186657523146206,-0.27515827672462745,-0.3155145390390141
nsr_spatial_depth40_time_mean_resolution_10,0.9884091276205474,0.9803930921893638,-0.910508135944614,0.9741882001130358,0.7668559185631818,-0.9704826808752377,-0.9905639733849713,0.9826058573356897,-0.9904632851794275,-0.06709470838995357,0.9882453224850537,0.41294649336443984,0.9933100554502439,0.9785555518765491,-0.9831698711818685,-0.9870373349394732,0.9908564426967594,0.9889471486274437,0.9456061742136282,,-0.27016760099327713,1.0,0.9524562082433465,0.4979178564440124,0.473967516654363,-0.9819831583242977,-0.4536958679739881,-0.43264908097601523
tl_grid_mae_freq_10,0.9819759323279985,0.9897707248098216,-0.9798801828376084,0.9841490928837573,0.7867210421889053,-0.9743267555319537,-0.9623730312653677,0.9499487525355422,-0.9616804246103089,0.183206986692404,0.9813146720603383,0.6506443733626165,0.96608545626967,0.9912814349832075,-0.9862820758701252,-0.9811241657240466,0.9708507705652105,0.9804004813138499,0.9063080315009903,,-0.23757097031771823,0.9524562082433465,1.0,0.6859450831610784,0.6277015895421632,-0.9868082736443301,-0.6549758311086435,-0.5923797234439441
tl_grid_mae_freq_500,0.5553715593655881,0.5899113554843286,-0.7912553157719093,0.6208869911590977,0.5269656495843237,-0.6140036604518884,-0.48078565745356094,0.4605698612349396,-0.4784613442053876,0.7683417958906029,0.5512981371126581,0.9044878078437752,0.4980002206070827,0.5980707026023346,-0.5905296452210341,-0.5542837657436156,0.5088587526421989,0.5479049610219981,0.5976028289950525,,0.27254264256973193,0.4979178564440124,0.6859450831610784,1.0,0.9706634973460289,-0.5661653484376953,-0.9971475361675317,-0.9592042382031811
tl_grid_mae_freq_1000,0.5107947290225643,0.5393858640100603,-0.7349831893098924,0.5770078348625066,0.4866295162607151,-0.576611054369326,-0.4414712991946371,0.4228132441199656,-0.43924807351265416,0.7020569785497028,0.5065713860297392,0.8073941352974016,0.45933301761149686,0.5469450039104646,-0.5458201584645409,-0.5097664712002689,0.4672167435022748,0.5036362565696236,0.5908900040450045,,0.31864747370911123,0.473967516654363,0.6277015895421632,0.9706634973460289,1.0,-0.5156995650278103,-0.9605082618593348,-0.9928748149443005
tl_grid_ssim_freq_10,-0.9984246417290851,-0.9984987592031591,0.9433973681916298,-0.9882140143470759,-0.7842084652097856,0.9794176282817929,0.9930546254104802,-0.9834823058713015,0.9927737323097866,-0.02809907617891825,-0.9984576287394437,-0.5319447782326239,-0.9938275453544785,-0.9982482796278764,0.9961974926252634,0.9979214623176509,-0.9961287403714602,-0.9982487906125275,-0.9104471372291844,,0.32186657523146206,-0.9819831583242977,-0.9868082736443301,-0.5661653484376953,-0.5156995650278103,1.0,0.5299011012200515,0.47843117534348534
tl_grid_ssim_freq_500,-0.5174062152476296,-0.5540264724077157,0.76281214918223,-0.5850137125623445,-0.5030655352773941,0.5769414914223121,0.4407975882404089,-0.4203709103315804,0.438406251741376,-0.7924985467504106,-0.5133933856250871,-0.9160521725374571,-0.4578292859646305,-0.5629242837564855,0.5536177467168308,0.5166475761476241,-0.46951654668969933,-0.5097258872169848,-0.5519762055703925,,-0.27515827672462745,-0.4536958679739881,-0.6549758311086435,-0.9971475361675317,-0.9605082618593348,0.5299011012200515,1.0,0.9549341346673114
tl_grid_ssim_freq_1000,-0.47226786311666896,-0.5011431431953274,0.6974177286588933,-0.5397963406068984,-0.4590090830963739,0.5409370505699208,0.4034912959023781,-0.38522078765760415,0.40122895968794986,-0.6969849984922544,-0.4682073756789473,-0.7944881157911775,-0.42100592391691016,-0.5099522973764627,0.5083341960362585,0.4720137930523239,-0.4288021110972457,-0.4650792728968608,-0.5453536788566855,,-0.3155145390390141,-0.43264908097601523,-0.5923797234439441,-0.9592042382031811,-0.9928748149443005,0.47843117534348534,0.9549341346673114,1.0
